1.9,-2.3,-11.4,124.9,180.5,-60.8
1.9,-1.4,-9.9,124.9,180.5,-60.8
1.9,-1.4,-9.9,-0.2,55.4,59.4
6.3,-3.5,-17.9,33.8,226.6,-52.3
6.3,-3.5,-17.9,-49.4,-141.2,-100.3
2.3,-2.6,-3.1,-49.4,-141.2,-100.3
2.3,-2.6,-3.1,41.8,61.9,-27
2.4,-0.1,-11.8,41.8,61.9,-27
2.6,0.3,-10.5,3.3,57.6,21.8
1.3,1,-9.2,-39.6,4.7,9.9
1.5,-0.6,-9.7,-1.1,-1.9,-9.3
1.7,0,-9.9,2.8,14.3,-8.5
0,0.9,-12.6,-68.1,55.7,84.1
-3.3,-3.7,-6.5,-57.7,-79.4,-9.1
1.2,-4.5,-9,-57.7,-79.4,-9.1
1.2,-4.5,-9,20.3,-28.8,-63.4
3.1,-1.1,-11.3,29.4,58,-42.1
2,-1,-9.2,22.5,1.7,-4.8
2.6,-1.3,-9.6,-5.5,-2.2,-1.8
1.9,-1,-9.7,-2.5,-1.5,0.7
1.8,-0.9,-9.7,-0.6,-0.4,0.6
1.8,-1,-9.6,-2.9,-1.7,-1.7
2.5,-1.3,-10.2,2.6,34.8,-6.8
-0.8,-0.8,-10.4,-25.8,37.2,29.1
-3.3,-3.4,-7.3,-29,-56.8,0.8
-0.6,-4.4,-8.5,-29,-56.8,0.8
-0.6,-4.4,-8.5,23.6,-40.7,-66.6
2.1,-1.1,-10.8,25.9,25.1,-21.7
2,-0.7,-9.5,-2.9,22.2,-4.7
0.7,-0.8,-9.7,-5,11.9,-5.1
1.6,-1.3,-9.7,-3.1,-7.3,-4.3
3.3,-2.1,-11.1,-5.4,56.7,-8
-1.9,-2.1,-7.3,-48.2,-30.3,39.2
-1.5,-5.5,-6.9,-29.7,-59.9,-9.6
0.5,-4.4,-8.9,26.3,-22.2,-37
2.8,-2.2,-9.7,13.2,7.9,-44.7
3.3,-0.5,-9.7,5.1,40.8,-5.7
3.3,-0.5,-9.7,-7.8,5.9,-2.7
2.5,-0.6,-9.4,-7.8,5.9,-2.7
2.1,-1.4,-9.4,-7.8,5.9,-2.7
2.1,-1.4,-9.4,0.6,-1.9,5.1
2.9,0.1,-9.1,-1.4,-20.1,-12.9
1.3,-0.6,-13.2,-1.4,-20.1,-12.9
1.3,-0.6,-13.2,-9.6,91.1,44.3
-1.6,-3.9,-7.8,-58.2,-46.9,35.3
-1.6,-3.9,-7.8,-10.5,-67.7,-32.2
1.9,-5.9,-7.3,-10.5,-67.7,-32.2
3.8,-2.7,-10.3,17.3,7.8,-47.9
3.9,-0.6,-9.4,-2.4,23.1,-10.3
3.9,-0.6,-9.4,0.1,12.5,-3.8
3.4,-0.3,-9.1,0.1,12.5,-3.8
3.6,-0.7,-9.2,0.1,12.5,-3.8
3.6,-0.7,-9.2,-2.6,3.2,-4.3
2.8,-0.7,-11.6,-12,103.6,21.3
-0.8,-4,-7.8,-50.2,-32.9,38.2
0.7,-5.7,-5.8,-22.6,-76.2,-18.8
3.5,-4.2,-8.8,0.9,-17.3,-36.9
3.7,-1.4,-9.2,17.8,12,-24.2
3.5,-0.4,-9.5,10.5,34.4,-10
3.7,-1.8,-9.2,-10.1,5.5,23.1
3.3,-1.9,-8.5,21.6,-24.4,12.7
1.7,-0.7,-13,-14.6,95,31.9
-0.8,-3.3,-7.1,-56.3,-78.3,28.1
3.1,-4.7,-8.3,6.1,-48.9,-36.1
4.1,-1.2,-10.1,35.4,19.5,-27.6
4.2,-0.4,-8.9,5,27.8,-11.8
3.3,0,-9.1,-1.4,11.7,3.2
3.7,-0.7,-9.2,0.8,-0.3,-0.3
3.5,-0.3,-9.3,-0.1,1.9,-4.2
3.7,-0.3,-9.2,0.5,0.7,0.1
3.7,-0.3,-9.2,-1.9,1.5,0
3.7,-0.4,-9,-3.1,0,0.8
4.1,-0.5,-8.8,-5.2,1.8,-3.3
4.1,-0.5,-8.8,-30.9,74.6,27
2.6,-0.5,-11.7,-30.9,74.6,27
-1.7,-2.8,-7.8,-60.6,-54.3,32.3
1.3,-5.3,-7.6,-16.2,-58.9,-29.3
2.9,-3.2,-9.1,21.4,-15.8,-33.6
4.3,-1,-9.4,13.6,9.4,-19.1
4.9,-0.3,-8.9,10.6,25.9,-11.2
4.9,-0.3,-8.9,-3.5,21.6,-8
4.5,-0.8,-8.4,-3.5,21.6,-8
4.6,-0.9,-8.6,-3.5,21.6,-8
6.2,-1.7,-8.4,-4.5,30.4,-24.5
0.9,-1.7,-9.6,-60.6,17.4,54.2
-0.6,-4.5,-6,-53.4,-90.1,10.1
2.8,-4.9,-7.8,-1,-25.4,-34.9
4.3,-2.3,-9.8,39,23.1,-44.6
4.1,-0.9,-9.2,-0.9,20.7,-7.5
4,-1.2,-8.9,-7.7,-3.8,2.4
4.1,-1.3,-8.8,-0.8,0.4,1.6
4,-1.2,-8.9,-8.5,-2.7,-3.4
3.9,-0.8,-8.8,-5.6,5.3,-10.8
3.5,0.2,-9.5,5.7,21.9,-8
0.8,-0.8,-9.9,-62.3,21.8,66.6
0.2,-4.8,-4.9,-59.2,-89.3,-8.1
3.3,-3.3,-9.7,22.6,-20.9,-44.1
4.4,-0.7,-9.4,18.7,20.8,-21.8
4.2,-0.1,-8.9,-2.9,30.8,-11.9
3.3,-0.3,-8.8,-29.6,0.8,-7
3.3,-0.7,-9.3,-12,5.6,2.7
5.4,-1.6,-9.8,4.1,42.8,-26.1
-0.4,-1.9,-8.1,-91.9,-30.4,74.7
1.5,-6.2,-6.3,-30.4,-68,-5.4
2.5,-4.2,-8.3,6.6,-25.7,-37.4
3.3,-1.1,-9.5,13.1,9.6,-43.8
4.3,0.6,-9.9,20.2,39.7,-12.4
4.1,0.2,-8.8,-5.3,2.6,-1.3
4.2,0,-8.8,-1.5,0.8,-1.1
4.2,0,-8.9,-1.5,0.8,-1.1
4.2,0,-8.9,-2.5,1.4,0.4
4.2,0,-8.9,0,0.1,-0.7
5.6,-0.4,-9,5.1,38.4,-24.2
5.6,-0.4,-9,-41.7,42.3,27.8
2.1,-1.3,-10.2,-41.7,42.3,27.8
-1.1,-3.8,-7.5,-44.6,-53.8,27.9
-1.1,-3.8,-7.5,-13.1,-61.7,-33.7
1.7,-4.8,-6.7,-13.1,-61.7,-33.7
3.6,-2.5,-10,18,-8.3,-39.8
4.7,-0.3,-9.1,11.9,18.5,-18.2
4.7,-0.3,-9.1,1,20.8,-16.4
5.4,0.3,-8.4,1,20.8,-16.4
4.2,0.5,-9.1,-11.6,0.9,-1.4
5,-0.2,-8.4,-0.5,11.8,-8.1
3.2,-0.9,-10.4,-13.7,64.6,20.1
-1.3,-3.6,-8.1,-63,-33.4,39.7
-0.1,-5.8,-6.6,-35.3,-76.4,-10.5
2.8,-3.5,-9.6,9.6,-4.8,-66.3
2.8,-3.5,-9.6,29.1,36.1,-17.6
3.7,-0.1,-9.9,29.1,36.1,-17.6
3.8,-0.1,-9,-3,15.9,4.6
3.6,-0.5,-9.1,-3.7,-0.6,-3.6
4.8,-1.5,-10.7,-11.6,72.9,-8.4
-0.7,-2.1,-8.9,-56.7,-33.5,42.7
1.9,-4.6,-6.8,-12.8,-69.8,-29.3
3.4,-1.9,-10.1,20.6,-3,-44
3.8,-0.1,-9.4,15.5,30,-25.3
3.8,-0.1,-9.4,-14.2,10.4,2.2
3.5,0,-9.5,-14.2,10.4,2.2
4.1,-0.5,-8.8,3.2,11.7,4.3
3.8,-1.1,-8.7,-23,-1.3,-1.1
2.1,0.1,-11.9,30.9,76.4,19
0.1,-3.6,-6.3,-54.9,-86.4,24.7
4,-3.8,-9.2,7,-40.8,-37.7
5,-1,-9.4,25.1,18,-28.8
5,-1,-9.4,-3,25.1,-17.3
5.3,-0.3,-8.5,-3,25.1,-17.3
4.8,-0.8,-8.5,-14.3,12.1,-6.2
4.1,-1.1,-8.8,-13.9,-2.9,3.9
3.3,-0.7,-9.1,-8,-8.6,-6
3.6,-0.3,-9.1,0.3,5.5,-5.7
3.6,0,-9.3,3.2,6.1,-9.3
5.3,-0.4,-9.7,9.9,68.7,-35.1
-0.9,-0.5,-9.1,-52.7,-10.1,61
1.9,-4.7,-6,-28,-94.7,-29.5
3.4,-2.4,-9.8,13.1,-3.3,-43.3
4.5,0.1,-9.4,12.4,37,-25.8
4.4,0.2,-8.7,-2.7,17.2,-2.9
4.5,-0.7,-9.1,-5.9,20.9,0.8
4.5,-0.7,-9.1,-11.4,7.2,11.4
3.4,-1.5,-8.8,-11.4,7.2,11.4
3.2,-2,-9.6,-2.5,4.9,-2.3
3.8,-1.6,-11.4,1.7,58.1,-14.7
-1.2,-3.1,-8.1,-57.7,-31.8,37
-0.4,-5.3,-6.2,-27.9,-65.6,-24.2
1.2,-4.2,-9.3,7.3,-14.1,-40.1
1.2,-4.2,-9.3,4.4,6.1,-15
2.5,-1.4,-9.7,4.4,6.1,-15
3.3,-0.2,-9.5,12.1,16.7,-15.8
3.5,0.2,-9.6,12.4,34.9,-12.9
3,0.1,-9.1,-0.9,9,-1.8
4.1,-0.7,-8.9,-2.8,-1.8,-8.6
1.6,-0.5,-9.7,-34.5,55.1,47.6
1.6,-0.5,-9.7,-28.5,-25.2,19.1
0.5,-3.8,-8.7,-28.5,-25.2,19.1
-0.5,-4.7,-8.5,-34.2,-28.8,15.5
0,-5.3,-7,-11.4,-42.7,-2.7
2,-4,-8.3,7.1,-31.5,-28.4
2,-4,-8.3,31.6,0.1,-27.6
3.5,-2.1,-10,31.6,0.1,-27.6
4.7,-0.6,-8.8,8.5,31.5,-14
5.9,-0.8,-8.1,-19.6,20.6,-22
3,-1,-10.4,-15,60.2,4.6
0.6,-3.4,-8,-46.1,-33,44.4
3.8,-4.2,-9.1,10.1,-34.2,-44.7
4.2,-1.6,-9.4,10.1,-34.2,-44.7
4.2,-1.6,-9.4,6.3,8.9,-16.7
4.4,-0.9,-8.7,-10.7,12.6,-12.5
4.4,-0.9,-8.7,-2.2,23.8,-13.2
3.2,-1,-9.2,-2.2,23.8,-13.2
0.2,-0.7,-9.6,-10.3,-8.9,-10.1
0.2,-0.7,-9.6,1.3,67.3,-42.3
3.4,-0.6,-9.8,1.3,67.3,-42.3
-2.4,-0.6,-8.7,-77.4,-44.5,83.6
1.6,-5.1,-6.7,-11.2,-75.4,-64.9
3.1,-0.8,-9.6,11.3,22.2,-10.6
3.1,-0.8,-9.6,22.5,-1.9,-34.3
3.7,-0.5,-9.4,2.9,13.9,-7.2
3.5,-1.2,-9.2,-1.5,-5.4,-2
3.5,-0.8,-8.8,-10.1,12.9,-12.9
3.5,-0.4,-10.6,-2.1,76.3,-10.2
0,-1.1,-9.4,-49,3.4,57.1
0.3,-5.3,-6.1,-27.7,-86.3,-5.6
3.3,-4,-8.7,2.4,-32.3,-31.9
3.9,-1.9,-9.2,22.9,10.1,-21.4
4.6,-0.9,-9.4,19.1,34.9,-24.4
4,-0.8,-8.8,-8,19.5,-7.8
3.5,-0.9,-9.4,-7.1,10.4,4.5
2.8,-1.1,-9.3,-6.5,-6.4,-1.6
2.8,-1.1,-9.3,-1.8,-0.4,-2.4
2.6,-0.8,-9.3,-1.8,-0.4,-2.4
2.8,-0.7,-9.3,-2.9,-0.2,-2.4
1.9,0.2,-12.8,-22.2,93.5,58.1
-1.1,-4.7,-5.9,-51.9,-84.2,8.7
2.1,-5.7,-7.7,-2.6,-49,-22.8
3.3,-3.4,-8.6,10.3,-22.1,-32
4,-1.5,-9.4,4.8,17.1,-22.7
4.3,-0.7,-9,5.6,16.9,-15
4.3,-0.2,-9,-8,22.9,-15.4
4.3,-0.7,-9,-8,22.9,-15.4
3.8,0.2,-8.7,-8.6,30.5,-12.7
3.5,0,-9.5,-3.6,-10.9,8.3
3.6,0.1,-9.1,2.3,8.2,-12.8
3.6,0.1,-9.1,-6.9,43.4,-26.7
3.9,0.1,-9.8,-6.9,43.4,-26.7
0.3,-0.4,-9.9,-41.1,11.5,77.6
-1.5,-5,-7.4,-48.2,-60.6,15.1
1.6,-4.8,-7.3,-14,-48.3,-26.7
3.6,-2.6,-9.9,31.5,12.4,-32.2
4.6,-0.5,-9.3,-1.5,44.5,-35.1
4.3,-1,-9,-0.8,-9,15.4
4.3,-1,-9,-11.8,-12.7,-1.1
3.5,-0.9,-8.9,-11.8,-12.7,-1.1
2.9,-0.6,-11.7,2.7,114.3,-6.5
0,-4,-8,-17.3,-7.2,32
-0.8,-5.4,-7.3,-34.3,-56.5,25.7
1.9,-5.4,-5.9,-8.3,-73.6,-27.2
5,-2.4,-8.5,27.4,-5.5,-44.4
4.6,0.2,-9.7,-21.6,41.7,-17.7
1.6,-0.5,-9.7,-11.1,4.2,2.6
1.3,-0.8,-9.5,-11.1,4.2,2.6
1.3,-0.8,-9.5,-5.8,2.7,-4.6
1.3,-0.8,-9.5,-7,19.5,33.8
2,-2.1,-10.5,-7,19.5,33.8
0.3,0.6,-11.3,27.7,87,-0.9
-2.1,-0.9,-8.5,-54,-28.3,80.1
0.3,-4.5,-6.9,-29.4,-89.1,-27.3
2.3,-2.3,-9.8,21.7,-9,-59.7
1.6,0.1,-10.1,4.7,22.6,-8.1
2.4,0,-9.5,4.7,22.6,-8.1
2.4,0,-9.5,10,15.5,4.5
2.8,-0.3,-9.9,-0.1,27.9,-36.2
3.4,-0.3,-10.7,-18.5,81,-37.7
-0.8,-0.1,-9.1,-46.8,-14.8,79.1
1.3,-5.1,-6.2,-35.7,-95.6,-17.1
2.8,-2.7,-9.5,-1.1,-9,-30.9
2.3,-1.1,-10,12.5,16.4,-13.8
3.1,-0.6,-9.7,-5.9,26.3,-9.7
1.5,-0.1,-10.1,-12.7,6.3,-6.7
1.9,0,-9.5,0.5,-0.8,-7.5
1.6,0.5,-9.6,-4.9,-0.4,0.9
1.6,0.5,-9.6,1.4,77,-17.2
3.1,0.2,-11.2,1.4,77,-17.2
-0.8,-0.1,-8.1,-53.9,-19.8,60.6
-0.1,-4.5,-6.7,-14.9,-88.2,-26.3
2.5,-2.7,-10.1,12.9,-23.3,-32.7
2.7,-0.4,-9.6,12.1,19.7,-19.5
2.3,0.1,-9.6,4.6,17.9,-8.7
2.9,0.5,-9.5,2.8,17.9,-3.5
2.4,0.1,-9.6,-5.5,-10.3,5.1
2.5,0.3,-9.6,-0.2,-0.7,1.5
3.7,-0.2,-9.3,-7.7,21.1,-15.3
0,0.3,-10.1,-59.8,32.6,88.6
-0.8,-4.9,-6.2,-59.8,32.6,88.6
-0.8,-4.9,-6.2,-43.1,-81,2.9
1.8,-3.9,-8.1,7.6,-22.3,-69.3
2.2,-0.3,-10.1,7.6,-22.3,-69.3
2.2,-0.3,-10.1,9.4,19.4,-18
2.4,0.7,-9.8,6.4,19.8,-6.5
2.2,0.5,-9.2,-10.1,13,-0.2
2.1,0.2,-9.7,-5,-0.3,4.1
3.7,0.1,-9.5,-10.6,23.9,-19.2
0.2,-0.3,-9.9,-54.4,38.4,57.1
0.2,-0.3,-9.9,-29.6,-38,34.2
-1.8,-4.3,-8,-29.6,-38,34.2
-0.3,-6.1,-6.5,-13.6,-67,-0.3
2.8,-4.2,-9.4,-13.6,-67,-0.3
2.8,-4.2,-9.4,-2.8,-33.4,-46.7
3.2,-0.7,-9.8,12.6,7.2,-36.2
3.6,1.7,-9.4,9.4,30.4,-38.9
3.1,2,-9.3,-7.6,-1.8,6.9
3.2,1.8,-9.1,-4.1,-1.2,-2.6
3.2,2.2,-8.9,-5.8,5.9,-3.7
3.4,1.6,-10.8,-11,63,0.5
0.9,-1,-8.8,-22.9,1.6,39.3
-0.8,-4.1,-8,-23.2,-46.1,25.2
0.9,-5.5,-7.4,-8.7,-44.8,-12.5
2.7,-3.7,-9,1.9,-26.9,-24.3
3.4,-0.9,-9.5,13.1,6.6,-41
3.9,1.3,-9.3,13.3,32.1,-29.6
4.4,1.5,-8.6,13.3,32.1,-29.6
4.4,1.5,-8.6,-2,-6.6,-1.8
4.6,1.5,-8.4,-3.3,6.3,-7.5
4.7,1,-11.5,-35.5,85.2,3.6
0.1,-2.6,-8.6,-51.3,-25.1,39.1
0.6,-5.7,-6.7,-22.1,-61.3,3
2.7,-4.2,-8.6,7.8,-38.5,-32.9
3.6,-1.2,-9.4,9.2,1.9,-28.9
4.1,0.3,-8.8,3.8,16.1,-19.8
3.1,1.6,-9.8,2,32.1,-12.3
4.2,0.8,-9.1,2,32.1,-12.3
4.2,0.8,-9.1,-2.7,-4.9,0.8
4.8,0.9,-8.9,-7.1,36.7,-20.9
1.3,0,-9.8,-53.6,48.1,79.7
1.3,0,-9.8,-39.8,-63.5,27
-1,-5.1,-6.8,-39.8,-63.5,27
-1,-5.1,-6.8,-22.4,-60.2,-36.5
2.5,-5.5,-7.6,-22.4,-60.2,-36.5
3.3,-2.9,-9,9.2,-7.6,-39.1
4.5,-0.6,-9.4,9.2,-7.6,-39.1
4.5,-0.6,-9.4,21.9,11.6,-28.4
4.5,-0.6,-9.4,-8.1,39.3,-13.2
3.5,0.8,-9.5,-8.1,39.3,-13.2
4.2,0.4,-8.6,-15.3,0.3,-7.1
2.3,0.5,-12.2,-15.3,0.3,-7.1
2.3,0.5,-12.2,-23.5,105.4,43.9
-0.8,-4,-7.4,-52.6,-48.1,31.9
0.8,-5.8,-6.7,-20.1,-57.7,-18.2
2.8,-3.6,-8.8,4,-17.3,-38.1
3.9,-0.1,-9.5,9.3,16.6,-27.7
3.6,0.8,-8.9,-4,-3.3,5
3.6,0.7,-9.2,0.4,1,1.4
6,0.3,-9.2,-9.3,83.3,-32.1
0.7,-1.2,-8.8,-44.2,22.3,69.5
0.2,-5.2,-7,-26.7,-58.2,10.4
2.9,-4.9,-8.1,-5.8,-44.4,-23.3
3.7,-2.6,-8.5,10.6,-10.5,-29.6
4,-0.8,-8.9,2.5,4.5,-15.9
4,-0.8,-8.9,-0.5,36.8,-16.3
4.2,0.5,-9.1,-0.5,36.8,-16.3
4.2,0.5,-9.1,-11.8,-11,11.5
3.7,0,-9.4,-11.8,-11,11.5
3.2,0.1,-8.8,-6.6,-2.8,-7
4.1,0.2,-11.8,-6.6,-2.8,-7
-1.4,-2.2,-6.9,-80.7,-56.6,57
1.7,-5.2,-6.8,6.5,-62.7,-41.6
2.6,-2.3,-9.8,6.5,-62.7,-41.6
2.6,-2.3,-9.8,26.3,6.6,-41.3
2.6,-2.3,-9.8,16.5,21.9,-13
2.9,-1,-9.5,16.5,21.9,-13
4.1,-0.4,-8.8,20.4,18.2,-9.2
3.4,-0.3,-9,0.4,-3.1,0.7
5.7,-0.4,-8.4,-13.1,24.3,-22.2
5.7,-0.4,-8.4,-42.5,66.1,65.2
1.9,-0.7,-10.7,-42.5,66.1,65.2
-0.6,-4.9,-6.8,-55.4,-76.7,10.2
2.1,-4.9,-7.7,-2.7,-41.6,-36.1
2.9,-1.5,-9.7,13.1,10.8,-23.3
4.2,0,-9.2,13.4,10.9,-4.9
3.7,0.5,-9.2,15,14.7,-17.1
4.3,0.5,-8.9,-1.1,-1.9,2.5
4.9,0.6,-8.4,-11.8,35.1,-18.6
1.6,0.2,-11.2,-41.4,60.7,67
1.6,0.2,-11.2,-48.6,-95.1,23.6
-0.3,-4.1,-6.7,-48.6,-95.1,23.6
2.6,-3.7,-9.8,11.5,-43.9,-69.4
3.1,-0.4,-9.8,8.2,17,-21.7
3.6,0.5,-9.2,15.6,14.7,-13.8
3.5,0.9,-9.3,1.2,23.1,-5.1
3.9,0.3,-8.8,-1,-1.4,-5.3
3.9,0.3,-8.8,-2.9,-4.4,4.3
3.5,0.5,-9.4,-2.9,-4.4,4.3
3,0.4,-9.5,-25.4,-16.4,17
2.7,0.7,-11.9,-0.9,110.2,8.3
-0.9,-2.6,-8.3,-63.2,-24.8,50.5
0.5,-5.6,-6.6,-31.4,-80.3,1
3.9,-3,-9.2,-16.4,-23.1,-52.6
4.1,0.4,-9.7,17.9,34.7,-50.2
3,1.6,-9.8,2.1,25.5,-17.8
4.1,0.5,-8.9,-2.6,-7.9,7.9
3.5,0.8,-9,-1.8,-3.7,2.2
3.4,0.8,-9.2,-5.5,-1.2,-2.2
3.3,1.2,-9.1,4.7,23.5,-13.5
3.4,0.7,-11.3,4.7,23.5,-13.5
3.4,0.7,-11.3,-19.9,93.8,29.9
-1.1,-3.2,-6.9,-64.5,-65,56.6
-1.1,-3.2,-6.9,14.7,-69.8,-51.3
2,-4.8,-6.5,14.7,-69.8,-51.3
4.2,-1.1,-10,28.8,19.7,-47
4,0.5,-9,-1.1,24.8,-9.8
3.2,0.2,-9.7,0.2,12.1,-8.5
4.8,0.2,-8.4,-13.4,-0.1,-8.5
3.5,0.1,-10.1,-7.3,52.7,6.3
0.2,-2.6,-8.5,-39.6,-7.5,56.8
0.3,-5.6,-6,-30.2,-67.8,-1.4
2.7,-3.9,-8.8,-8.8,-41.8,-40.7
2.9,-1.2,-9.9,18.4,6.8,-19
2.9,-1.2,-9.9,25.9,18,-19.9
3.7,0.2,-9.3,25.9,18,-19.9
4.3,0.2,-9,9.8,38.1,-7
4.5,0,-8.8,0.5,-8.4,1.9
5.8,0.2,-9,2.2,63.1,-40.9
1.4,-1.1,-9.6,-64.3,35.9,70.8
-0.8,-4.8,-7.1,-55,-71.6,16.3
2.8,-4.1,-8.7,40.6,-37.4,-68.2
2.8,-4.1,-8.7,43,15.7,-20.6
5.3,-1,-9.4,43,15.7,-20.6
5.3,-1,-9.4,0.3,3.1,2.4
4.6,-1.4,-8.5,0.3,3.1,2.4
4.4,-1.3,-8.9,-11.7,8.7,1.5
4.5,-1.1,-8.9,-11.7,8.7,1.5
4.5,-1.1,-8.9,-8.1,23.9,-20.9
1.1,-0.8,-10.7,-12.9,78.7,57.3
-0.2,-5.2,-4.8,-81.1,-115.5,32.4
4.7,-3.9,-7.7,7.2,-36.4,-45.3
4.6,-0.8,-10,5.5,24.4,-29.7
4.1,-0.3,-8.4,-3.3,3.1,5
5.2,-0.8,-8.5,-7,40.4,-28.8
2.3,0,-9.9,-2.2,47.2,5.4
2.3,-1.1,-10,-1,-15.7,-6.2
2.5,-1,-9.3,-14.9,-34.3,2.2
2.3,-0.7,-9.3,-5.8,-7.2,-11.5
2.1,0.9,-12.2,-19.5,79.9,-12
-2.9,-2.5,-6.6,-53.6,-45.5,69.9
0.9,-5.6,-6.9,-7.5,-61.9,-45.3
1.7,-2.9,-9.1,3.5,-15.7,-37.6
1.9,-0.1,-9.9,2,11.4,-33
2.1,1,-9.9,-3.8,19.9,-6.4
1.8,1,-9.7,-10.2,30.1,-2.9
1.8,0.5,-9.6,-6.6,-27.8,14.5
2.2,0.3,-9.8,-5.7,-7.2,6.3
2.5,0.1,-8.9,-8.5,0.7,-10.9
1.6,1.6,-10.5,-2.6,39.6,-11.2
0.3,1.2,-11.3,-27.4,45.6,58
-1.5,-3,-7.2,-42.5,-60.8,49.1
2.2,-4.3,-8,-3.7,-47.4,-42.6
2.7,-1.4,-10.4,16.1,8.1,-39
2.8,0.1,-9.7,5.5,35.1,-8.2
2.8,-0.3,-9.4,-2.7,-1.2,-2.1
3.1,0.1,-9.4,1.4,-2.8,-7.3
4.2,-0.6,-9.3,-14,42.9,-31.5
-0.6,-1.3,-7.8,-57.1,-14.1,112.9
2.1,-5.7,-6,-36.8,-81.1,-22.9
4.3,-3.3,-8.8,12.5,-15.8,-39.4
3.9,-1,-9,12.5,-15.8,-39.4
3.9,-1,-9,6.5,5.4,-19.9
4.1,0,-9.1,1.7,22.2,-10.9
4.3,0.2,-8.8,-7.3,29.1,-12.8
4.3,0.2,-8.8,-1.4,-10.5,9.3
4.5,0.3,-8.6,-1.4,-10.5,9.3
4.3,0.2,-8.8,-1.8,-1,2.7
5.3,-0.1,-7.6,-36.1,9.7,-32.2
0.1,1,-11.7,-61.6,77.3,116.7
1.7,-6.4,-5.5,-49.9,-96.4,-17.2
3.8,-3.9,-8.4,2.9,-28.9,-51.2
3.8,-0.5,-9.7,-7.3,14.9,-27.2
3.4,0.8,-9.1,-20.7,44.9,-17.6
3.3,0.8,-9.1,17.9,19.7,13.8
4.7,0,-8.4,-20.3,-43.7,17.8
3.3,0.1,-9.3,-3.2,-3,-0.9
3.3,0,-9.1,-3.2,-3,-0.9
3.3,0,-9.1,-7.5,-10.5,6.8
3.3,1.2,-12.4,3.7,97.5,-12.4
3.3,1.2,-12.4,-72.3,-32.4,82.1
-1.5,-2.4,-6.6,-72.3,-32.4,82.1
3.1,-5.2,-5.5,-34.5,-89.6,-30.5
3.1,-5.2,-5.5,19.5,9.9,-60.8
5.3,-2,-9.5,19.5,9.9,-60.8
3.8,0.5,-9.6,5.7,13,-8.3
4.9,0.4,-9.1,-5.8,18.4,-8.9
0.9,0.2,-10.1,-76.8,-9.7,19.6
0.9,0.2,-10.1,-49,21.3,47.8
-0.4,-2.8,-10.9,-49,21.3,47.8
0.9,-1.9,-9.3,-7.9,27.2,-91.7
-3.8,1.2,-13.3,-68,63.9,100.2
-3.2,-5.9,-4.5,-44,-69.2,-17.6
-3.2,-5.9,-4.5,1.9,-28.8,-45.2
-0.7,-6.6,-6.9,1.9,-28.8,-45.2
0.4,-3.5,-9.6,18,-3.4,-36.5
1.7,-1,-10.2,13.4,27.2,-24.2
1.5,-0.1,-9.7,-1.8,50.8,-0.8
2.5,-0.4,-9.4,-5.7,-2.9,-8.1
1.6,0.1,-11.4,-24.9,90.1,17.1
-2.5,-2.7,-7.5,-47,-25.7,51.9
-2.5,-5.5,-6.3,-26.3,-57.3,7.6
0.2,-5.6,-7.8,-8.4,-43.7,-38.8
1.2,-3.4,-9.5,9.9,-1,-29.3
1.8,-0.8,-9.8,23.9,16.7,-26.8
1.8,-0.8,-9.8,-8.5,39.6,-6
2.5,0.1,-10.1,-8.5,39.6,-6
0.8,-0.9,-10,-6,7.6,12.8
2.6,-1.5,-9.6,-6.1,-29.7,0.5
4.7,-0.4,-9.9,-7.7,69.3,-42
-1.1,0.3,-9.7,-86.3,31.3,79.2
-1.2,-5.5,-6.4,-41.8,-79.5,-2.8
2,-4.9,-7.9,5.4,-27.8,-52.7
2.6,-1.8,-10.1,2.2,8.4,-26.6
2.8,-0.4,-9.4,3.3,20.1,-11.8
2.6,-0.3,-9.8,-4,22.9,-1.7
2.3,-1,-9.5,0.3,-10.9,-12.6
2.3,-0.9,-9.6,-10.8,-14.4,12.1
1,-0.2,-9.9,-26.5,-32.9,11.7
1,-0.2,-9.9,-57.1,70.4,110.7
-1.8,1.8,-11.8,-57.1,70.4,110.7
-0.9,-5.8,-4.7,-57.1,70.4,110.7
-0.9,-5.8,-4.7,-53.1,-83.7,-7.1
2.8,-4.9,-8.6,13.9,-29.8,-61.6
2.9,-1.6,-10,14.5,19.5,-26.9
2.7,-0.6,-9.6,1.5,21,-4.4
3.2,-1,-9.1,-8.9,-3,-1.9
2.7,-1.2,-9.7,-10.3,-12.1,9.2
3.1,-1.3,-8,-32.5,4.6,-53
3.1,-1.3,-8,-45.5,49.2,124.4
-1.1,0.2,-10.7,-45.5,49.2,124.4
0.8,-5.4,-5.1,-43.6,-101.6,-38.1
2.9,-3.4,-9.7,24.3,2.2,-64.8
2.8,-0.7,-9.8,0.6,18.3,-13.4
3.2,-0.6,-9.5,-2.7,7.1,-5.5
2.2,-0.4,-9.6,-4.2,34.8,-10.7
1.6,-1,-9.3,2.7,7.1,3.6
2.7,-1.1,-9.4,-2.4,-46.6,14.5
2,-1.4,-9.5,-2.4,7.8,-16.6
1,0.2,-13.1,-24.8,133.8,35
-2.4,-3.9,-6.7,-24.8,133.8,35
-2.4,-3.9,-6.7,-72.7,-58.8,52.1
1.1,-6.2,-6.6,-20.7,-72.1,-41.5
2.1,-3.4,-9.7,11,-2.7,-39.3
2.2,-1,-9.6,12.2,17.9,-28.7
3.2,0.1,-9.6,0.8,34.3,-9.8
3.2,0.1,-9.6,1.8,6.4,2.1
1.5,0.1,-10.2,1.8,6.4,2.1
2.8,-0.6,-9.3,-0.5,-9.1,0.3
5.3,-1.2,-9.2,2.9,47.2,-29.9
2.8,-0.6,-9.3,2.9,47.2,-29.9
-1.7,-0.7,-9.4,-65.6,20.2,104.8
0.5,-6.3,-4.8,-36.9,-98.7,-18.5
3.4,-4.2,-9.2,7.3,-7.6,-59.8
2.8,-0.7,-9.9,17.6,22.9,-24.6
2.6,-0.2,-9.9,0.2,32.1,2.4
3,-1.5,-9.2,-1.9,-5.3,6.5
3.1,-1.3,-9.7,-18,-28.8,12.2
4,-1.4,-8.6,-12.8,29.8,-37
0.2,-0.3,-10,-14.8,55,91.7
-1.2,-5.7,-5.5,-68.4,-68.1,5.9
-1.2,-5.7,-5.5,1.7,-35,-42.8
2.3,-5.7,-7.8,1.7,-35,-42.8
3,-2.7,-9,10.2,6.9,-36
3.4,-0.2,-9.1,11.8,19.4,-20.2
3.1,0.4,-9.9,-17,48.2,-15.4
4.6,-1.1,-8.4,-6.5,-19.3,13.8
3.7,-1.1,-9.2,-17.9,-13.6,4.2
4.1,-0.7,-10.1,3,62.7,-27.1
0.2,-1.3,-9.2,3,62.7,-27.1
0.2,-1.3,-9.2,-47.7,38.3,65.3
-1.2,-5.8,-6.2,-47.7,38.3,65.3
-1.2,-5.8,-6.2,-36.5,-59.8,5.5
1.7,-5.5,-7.2,8.6,-33.6,-60.9
2.8,-2.9,-9,14,-2.7,-33.3
3.3,-0.4,-9.5,14,-2.7,-33.3
3.3,-0.4,-9.5,15.9,43.4,-47.9
3.6,-0.1,-9.6,0.8,42.2,10
3.6,-0.9,-8.9,-40.2,-47.4,20.7
4.2,-0.8,-11,-2.3,104.1,-22
-1.4,-2.2,-7.4,-2.3,104.1,-22
-1.4,-2.2,-7.4,-78.8,-24.1,80.5
0.6,-6.5,-6.7,-31.8,-73.9,-20
1.8,-4.8,-9,18.1,-22.4,-40.3
1.8,-4.8,-9,23.8,0.7,-28.8
3,-1.8,-9.3,23.8,0.7,-28.8
3.7,-0.2,-9.7,-12,25.7,-22.9
3.2,0.4,-9.2,34.5,31.3,-11.2
4.6,-0.2,-8.5,34.5,31.3,-11.2
4.6,-0.2,-8.5,-20,-41.2,8.8
4.8,0.3,-11.9,4.9,131.3,-24.7
-0.3,-2.8,-6.4,4.9,131.3,-24.7
-0.3,-2.8,-6.4,-96.9,-57.2,65
2.8,-5.5,-7.3,-18,-68.6,-44
4.1,-2.9,-9.2,17.5,-6.2,-38.4
4,-0.6,-9.4,0.5,22.7,-28.6
3.9,0.1,-9.2,-4.3,30.1,-10.7
2.3,0.2,-9.4,0.1,8.2,10.1
2.3,0.2,-9.4,-27,-33.5,12
2.6,-0.1,-9.3,-27,-33.5,12
3.7,-1.3,-10.3,16.8,91.9,-80.5
-2.9,0,-7,-111.5,-29.7,149.8
1.5,-6.7,-6.3,-34.4,-80.6,-90.2
1.7,-4.1,-9.7,20.6,11.8,-46.3
2.3,-1.3,-9.6,22.5,38.2,-27.4
2.6,-1.1,-9.2,3.4,20.1,1.8
2.2,-1,-9.6,16.5,18.8,-9.8
3.3,-0.7,-9.5,-10.1,-32.9,1.1
4.6,-1.1,-9.1,12.1,59.3,-24.4
-1.2,-1.4,-8.3,-104.3,19.4,105.2
1.2,-6.5,-5.6,-56.1,-88.4,-51.3
2.3,-4,-9.9,20.1,-6.6,-54.7
2.8,-1.1,-9.8,0,21.1,-17.1
3,-0.3,-9.5,4.8,14.4,-11.2
3.2,-0.1,-9.4,6.2,26.5,-4.9
3.6,-0.4,-9.2,6.2,26.5,-4.9
3.6,-0.4,-9.2,-1.5,-10.3,0.6
3,-0.4,-9.4,-5.8,-10.7,3
3,-0.4,-9.4,0,14,-31.1
3.3,0,-8.9,0,14,-31.1
0,1,-12.2,-70.8,83.8,117.9
0,-6.2,-3.9,-78.3,-90.5,-12.6
2.7,-5.5,-8.4,-78.3,-90.5,-12.6
2.7,-5.5,-8.4,7.2,-20.1,-68.3
3.2,-1.9,-9.9,25.4,17.7,-35.8
3.7,-0.8,-8.7,11.1,22.1,-13.6
3.5,-0.3,-9.3,26.9,41,-12.6
3.5,-0.3,-9.3,-1.3,-7.4,4.3
4.1,-0.9,-8.8,-1.3,-7.4,4.3
3.3,-0.7,-9.6,-24.7,-20,10
4.4,-0.9,-9.2,4.1,43.9,-27.9
-0.5,-0.1,-9.9,-80,55.2,97.3
-2.2,-6.4,-5,-68.9,-72.3,-1.4
0.5,-6.5,-6,-17.2,-50.9,-46.8
2.7,-3.7,-9.7,25.4,-10.1,-50.4
3.8,-1.1,-9.2,10.1,20.1,-19.5
4.1,0,-9.6,10.2,43.8,-20.7
4.1,-0.7,-8.8,-6.5,-8.1,8.1
4.2,-0.8,-8.1,-2.6,-18.8,2.3
4.5,-0.1,-13.4,17.7,157.2,9.3
-1.4,-4.2,-5.4,-95.5,-50.7,60.9
-1.4,-4.2,-5.4,-54.7,-66.1,-52.3
1.7,-7,-6,-54.7,-66.1,-52.3
3.8,-3.8,-9.5,13.8,-7.2,-41.2
4.5,-0.6,-9,33.5,46.6,-59.9
4,-0.6,-8.5,5,15.3,-1
5,-1.4,-8.3,5,15.3,-1
5,-1.4,-8.3,-10.7,-19.1,10.3
4.6,-1.1,-8.2,-5,3.3,-12.4
4.3,0,-14.5,23.6,165.9,0.2
-1,-4,-4.1,-97.6,-83,42.4
4.4,-6,-6.6,18.1,-57.4,-64.4
5.5,-2.4,-9.3,17.6,16.4,-44.9
4.8,-1.4,-8.5,5.2,29.8,-2.2
5.4,-2,-8,-0.1,-2.9,-3
5.2,-1.8,-8.2,-4.8,-3.6,9.6
4.7,-1.5,-9,-15.2,-13.7,-8.8
5,-0.5,-8.3,-5.5,36.8,-42.7
3.1,0.3,-12.7,-27.1,127.7,68
3.1,0.3,-12.7,-84.5,-91,20.1
-0.3,-5.8,-4.5,-84.5,-91,20.1
-0.3,-5.8,-4.5,-1.3,-50,-59.7
4.4,-5.7,-6.6,-1.3,-50,-59.7
5.8,-1.8,-9.1,2.2,17.5,-44.3
5.4,-0.4,-8.3,17.9,27.7,-28.5
5.1,-0.3,-8.1,1.2,5.9,6.3
5.8,-0.9,-7.9,-0.4,0,-3.5
5.8,-0.9,-7.9,-13,-16.9,8.8
5.1,-0.6,-8.3,-13,-16.9,8.8
7.3,0.2,-8.9,-14.9,73.7,-59
0.4,-0.7,-8.9,-84.8,26.4,114.6
2.8,-6.7,-4.3,-68.4,-97.3,-7.5
6.1,-4,-8.5,20.8,-39.6,-60
5.5,-0.6,-8.6,1.5,43.6,-22.8
5.5,-0.7,-8.2,1.5,43.6,-22.8
5.5,-0.7,-8.2,2.2,29.8,-5.9
5.4,-1.5,-8,-13.4,-18,4.7
4.9,-1.2,-8.9,-3.4,-4.6,1.1
4.9,-0.7,-7.1,-22.4,-21.6,-17.8
3.1,1.4,-14.6,-22.4,-21.6,-17.8
3.1,1.4,-14.6,-17.8,160.9,31.4
-1,-5,-5.2,-81.9,-58.3,46.8
2.6,-7.1,-5,-20.9,-71.5,-29
5.4,-4.4,-8.6,9.6,-18.1,-53.4
5.2,-1.9,-8.3,5.9,10.3,-25.2
5.2,-0.8,-8.5,5.5,20.4,-26.1
5.8,-0.8,-8,27.1,23.1,-18.1
5.5,-0.5,-8.2,-12.1,-28.8,19
5.5,-0.5,-8.2,-7.6,-13.3,10.5
5.4,-0.7,-8.2,-7.6,-13.3,10.5
5.9,-0.4,-6.9,-4.8,2.5,-33
3.7,1.7,-12.4,-39,141.9,62.6
-0.6,-5.5,-5.4,-68.1,-60.6,34.1
3.6,-7,-4.9,-24.5,-78.5,-20.9
6.1,-3.6,-7.4,13.8,-26,-39.5
6.6,-0.3,-7.9,1.4,32.7,-64.8
5.5,0.2,-8.1,13.9,28.4,1.4
6.2,-0.6,-7.5,-4.7,-25.3,19.2
5.4,-0.6,-7.8,-40.8,-22.6,31.2
6.5,0.5,-9.1,4.7,85.8,-65.9
1.4,0,-8.8,-89.1,42.1,103
0.8,-6.6,-5.8,-51.1,-68.3,13.1
3.9,-5.6,-7,9.9,-50.8,-30.5
5.6,-2.6,-8.3,19.8,-17.6,-27.2
5.6,-2.6,-8.3,8.6,17.4,-30.2
6.3,-0.7,-7.7,8.6,17.4,-30.2
6.2,-0.2,-7.7,-12.7,29.6,-16.8
3.9,-0.4,-9.4,2,-3.6,-1.8
3.8,-0.2,-9.1,-47.2,-43,30.8
5.1,1.5,-14.4,28.2,175.7,-18.2
-1,-3.4,-3.2,-107.5,-89.7,68.8
4.5,-6.1,-6,-6.9,-63.9,-49
6,-2.3,-8.5,18.2,2.2,-36.9
6.9,-0.2,-7.9,20,38,-30.4
5.5,-0.3,-7.3,-6.2,-4.2,13.6
6.1,-0.2,-7.4,-17,-20.7,14.7
5.6,0.1,-8.3,-12.2,-10.6,15.6
5.5,-0.4,-8.1,-12.2,-10.6,15.6
5.5,-0.4,-8.1,-3,-2,1.4
7.7,0.2,-7.9,-3.5,81.5,-82.6
0.3,-0.8,-7.4,-85.9,20.3,111.2
3.8,-6.4,-4.4,-85.9,20.3,111.2
3.8,-6.4,-4.4,-46.4,-94.7,-21.8
5.5,-3.9,-7.5,25.2,-0.2,-59.8
5.9,-1.6,-8.8,6.4,26.6,-31.9
5.8,-2.1,-7.8,-8,19,-12.6
5.4,-1.7,-8.5,-8,19,-12.6
5.4,-1.7,-8.5,-2.4,26.5,-2
5.4,-2,-7.7,-2.5,-7.1,7.3
4.2,-1.7,-8.1,-49.6,-40,11.7
6.7,1,-17.9,-49.6,-40,11.7
6.7,1,-17.9,-2.4,188.5,42.1
1.4,-4.9,-2.8,-92.2,-113.4,18.6
6.3,-4.9,-7.1,3.9,-37.3,-72.1
6.3,-0.5,-9.2,-5,35.8,-62.3
5.2,0.4,-8,7.1,12.1,-6.9
5.2,0.4,-8,-0.4,2.2,1.8
6.2,0.1,-7.8,-0.4,2.2,1.8
5.8,-0.2,-7.9,-16,-13.5,9.1
6.2,-0.4,-6.9,-4.9,3.3,-17.8
4.5,1.2,-12.8,-67.8,119.1,97.3
3.1,-5.4,-3,-72.6,-119.1,9.3
6.5,-4.3,-7.3,8.8,-25.1,-54.8
6.2,-0.4,-8,3.4,4.6,-35.3
6.5,0.9,-7.3,-3.7,22,-28
5.5,1,-8.5,-3,25,-26.6
4,0.5,-8.8,-0.1,-3.3,6.9
2.6,0.1,-9.9,-3.5,-11,2.8
3,0.1,-9,-2.1,5.7,-20.2
1.6,2.3,-15.7,-28,131.9,44.5
-1.3,-3.7,-5.1,-92,-82.7,42.9
-1.3,-3.7,-5.1,-6.9,-63.7,-46
3.4,-6.5,-5.7,-6.9,-63.7,-46
5.4,-2.6,-8.6,22.5,-4.5,-57.1
4.8,-0.2,-9,14.2,51.6,-40.5
5.2,-1,-7.9,-9.5,-9.3,16.3
5,-1,-8.5,-0.8,-0.6,-1.8
5,-1,-8.5,-29.7,-27.3,16
4.5,-1,-7.8,-29.7,-27.3,16
8.1,0.3,-11.8,14.6,144,-70.8
-0.8,-2.6,-3.1,-145,-86.1,94.4
5.2,-6.3,-7,13.5,-59.5,-57.4
6.4,-1.8,-9,17,19.5,-56.6
6.1,-0.2,-8,-2,26,-18
6,-0.3,-7.8,6,15.1,-5.7
5.9,-0.9,-7.7,-5.3,-6.9,3.5
5.6,-0.8,-8.1,-10.9,-13.4,10.4
5.6,-0.8,-8.1,-7.6,1.3,-29.5
3.2,2.4,-14.2,-57.5,118.1,132.3
3.1,-5.8,-2.8,-63.9,-113,-21.4
6.3,-4.5,-8.6,54.7,-30,-87.6
6.1,0.2,-8.5,7.9,30.1,-52.1
6.1,0.3,-7.5,-3.2,3.4,-0.7
6.5,0.2,-7.5,2.3,4.6,-5.3
6.4,0.3,-7.4,0.4,-0.1,1
6.4,0.3,-7.4,-9.8,0.4,15.4
6.1,0.1,-8,-9.8,0.4,15.4
4.8,-0.6,-7.6,-4.2,-16.3,2.4
7.8,1.5,-9.5,13.8,98.7,-91.1
0,-0.4,-5.6,-150.4,-11,130.4
6,-5.6,-5.8,-16,-81.9,-67.8
5.8,-1.5,-9.2,10.3,13.2,-36.4
5.3,0,-8.6,2.1,21.1,-33.2
5.6,-0.2,-8.4,9,14.8,-2.6
5.6,-0.2,-8.4,-29.2,-26.3,23.3
5.4,-0.6,-7.5,-29.2,-26.3,23.3
5.8,-0.6,-8.3,4,1,-9.1
4.8,-0.1,-7.7,-33.5,-22,14.2
6.6,1.3,-15.2,17.5,177.2,-4.2
1.1,-3.8,-1.7,-86.7,-108.1,72.5
7.8,-3.8,-6.7,-4.5,-56.3,-76.3
7.8,-3.8,-6.7,-3.9,40.3,-29.8
6,0.3,-8.1,-7.7,-11.4,25.8
5.6,-0.2,-8,-7.7,-11.4,25.8
6.3,-0.4,-7.7,3.5,3.3,-8.2
5.7,-0.5,-8.7,-3.5,2,10.4
4.2,-0.4,-8.6,-3.5,2,10.4
4.2,-0.4,-8.6,-23.5,-7.7,3.2
4,-0.5,-8.6,-11.8,2.7,-0.6
7,1.7,-14.2,14.6,185.5,-25.2
-0.9,-3.8,-3.3,-114.8,-74,88.7
6.9,-5.9,-5.9,-7.7,-56.8,-84.5
6.5,-1.3,-8.4,-7.7,-56.8,-84.5
6.5,-1.3,-8.4,15.5,9.3,-30.1
6.5,-1.3,-8.4,7.9,16.5,-28.5
6.3,0.3,-7.7,7.9,16.5,-28.5
6.4,0.3,-7.6,-22.2,36.9,-19.1
4.3,0.3,-9,-2.2,-31.6,19.2
4.3,0.3,-9,-18.9,-18.5,13
4.1,-0.4,-8.7,-18.9,-18.5,13
4.5,-0.1,-7,-3.1,6.9,-40.7
2.9,2.8,-13.9,-59.4,114.7,115
0.9,-5.1,-2.9,-97.4,-100.6,13.7
4.7,-5.9,-7.1,19.2,-38.5,-60.4
6.2,-2.3,-7.7,21.9,12.2,-45.6
6.7,-0.8,-8.4,13.6,52.1,-42
6,-1.5,-7.8,-7.7,-8.4,-7.2
5.3,-0.8,-8.4,-16.5,-10.8,2
5.3,-0.8,-8.4,-18.2,-28.8,6.4
4.5,-1,-7.9,-18.2,-28.8,6.4
7.2,0.7,-12.9,16.3,164,-49.2
-0.2,-2.2,-3.7,-117.4,-67,119
-0.2,-2.2,-3.7,26.5,-81.4,-63.7
8.3,-6.3,-6.7,26.5,-81.4,-63.7
6.8,-1.4,-7.4,4.1,17.6,-32
6.7,-1,-7.3,6.2,26.8,-30.8
5.8,-1.2,-7.6,-10.1,21.1,3.7
5.3,-2.3,-7.5,-10.1,21.1,3.7
5.3,-2.3,-7.5,-19.1,-9.5,11.9
4.9,-2,-8.7,-0.9,-7,3.8
4.6,-2.1,-7.7,-26.8,-26.3,5
7.1,-0.7,-8.5,9.9,54,-80.7
7.1,-0.7,-8.5,-93.1,85,84.7
3,-1.2,-15.6,-93.1,85,84.7
9.6,-2.9,-4.4,-31.5,-167.8,-184.6
6,0.3,-8.6,5.3,39.4,-31.5
6,0.3,-8.6,-0.8,7.1,-14.1
5.5,0.1,-8.3,-0.8,7.1,-14.1
5.8,0.1,-7.9,-4.5,-6.2,5.4
7.4,0.2,-8.2,-10.6,56.7,-49.9
7.4,0.2,-8.2,-119,40.3,124.5
0.3,-1,-6.1,-119,40.3,124.5
3.7,-7.9,-3.4,-43.1,-68.8,1.5
6.5,-4.9,-6.4,5.7,-45.3,-52.1
7.2,-1.4,-7.3,2.8,17.2,-39.6
6.7,-0.6,-7.5,-1.7,26.6,-25.1
4.4,-1,-8.5,0.7,22.8,-8.9
4.4,-1,-8.5,1.9,-10.9,4.6
5,-1,-8.5,1.9,-10.9,4.6
5,-1,-8.5,-33.8,-53.3,40.8
4.7,-0.9,-8.4,-33.8,-53.3,40.8
7.2,-0.7,-10.6,21.9,90.6,-95.2
-0.7,-1.7,-6,-146.6,-10.3,102.9
5.5,-6.7,-6.2,-146.6,-10.3,102.9
5.5,-6.7,-6.2,-12.9,-65.5,-78.4
4.9,-2.3,-9.4,5,3,-32.7
4.9,-2.3,-9.4,5.3,38.8,-37.5
4.6,-0.4,-8.2,-4.6,5.1,3
4.5,-0.2,-8.7,-4.6,5.1,3
4.5,-0.6,-8.2,-32.8,-28.9,24.6
4.5,-0.6,-8.2,9.3,121.7,-49.3
7.3,-1,-11.7,9.3,121.7,-49.3
7.3,-1,-11.7,-105.7,-42.9,116.2
-0.8,-2.6,-4.9,-105.7,-42.9,116.2
5.1,-6.4,-5.3,-31.5,-78.2,-63.3
5.9,-1.5,-8.2,10.7,13.9,-28.3
5.6,0.1,-8.4,25.3,41.9,-15.1
6.5,-0.9,-7.3,-4.4,-17.1,6.6
5.7,-1,-8.6,-38,-0.8,11.2
6.6,0,-6.9,15.4,33.4,-56.2
3.6,1.7,-12.5,-90.5,102.7,132.1
3.2,-6.2,-2.5,-60,-112.9,-14.8
6.7,-3.8,-7.6,-60,-112.9,-14.8
6.7,-3.8,-7.6,13.2,-17.9,-73.3
6.1,-0.5,-8,6.6,34.9,-46.8
6.2,-0.3,-8.1,11.6,23.4,-13.6
6.3,-0.8,-7.5,-1.3,-2.6,-0.1
6.4,-0.7,-7.7,0.7,-0.1,-3.9
6.4,-0.7,-7.7,-32.8,-37.8,9.3
5.6,-0.6,-6.9,-32.8,-37.8,9.3
9,-0.8,-14.8,1.6,184.2,-46.2
1.1,-4.6,-1.8,-107.6,-97.2,52.5
6.6,-5.7,-5.9,8.5,-42.7,-53.8
7.1,-1.7,-7.1,7.3,16.8,-49
6.6,-0.9,-7.7,-13,34,-23.6
6.4,-0.9,-7.5,-6.3,-25.3,18.8
6.4,-0.9,-7.5,-4,-4.6,-0.2
6,-1,-7.7,-4,-4.6,-0.2
5.4,-1.2,-9.3,-41.1,-17.9,21.7
4.7,-1.3,-8,-2.5,-8.1,-20.1
7.5,1.4,-14,37.8,190,-52.1
0.2,-4.1,-4.9,-96.8,-58.4,86.2
5.1,-6.7,-4.8,-20,-77.6,-33.8
5.1,-6.7,-4.8,16,-8.8,-52.8
6.8,-2.9,-7.1,16,-8.8,-52.8
7,-0.4,-7.7,7.6,21.2,-33.5
6.7,-0.5,-7.2,-4.1,32.5,-16.9
6.7,-1.1,-7.2,-1.7,-2.5,3.9
6,-1.2,-7.5,-22.3,-29.4,28.1
7.5,-0.4,-7.1,-8.9,8.6,-52.7
3.3,1.6,-10.2,-70.8,117.1,116
5,-5.8,-2.6,-59.4,-107.9,-21.7
7.3,-2.9,-8.1,-59.4,-107.9,-21.7
7.3,-2.9,-8.1,25.3,5.4,-69.4
7.7,-1.6,-6.6,28.1,18,-25.9
5.9,-1.1,-7.2,-21.7,11.1,-21.5
6.8,-1.5,-7.1,1.7,-5.7,3.5
6.8,-1.5,-7.1,-2,-2.4,-3
6.5,-1.5,-7.4,-2,-2.4,-3
6.3,-1.3,-7.5,0.5,-1,-0.7
6.3,-1.3,-7.5,-47.3,-33.8,31
5.1,-1.5,-6.9,-47.3,-33.8,31
4.3,0.3,-15.7,33.4,161.9,52.6
3,-4.9,-2.1,-85.6,-114.5,1
6.4,-2,-8.7,0.3,3.5,-73.4
6.4,-2,-8.7,20,55.4,-17
5.9,0,-8.9,20,55.4,-17
6.5,-2.1,-8.1,20,55.4,-17
6.5,-2.1,-8.1,-10.8,-9.5,-5
6.5,-1.5,-7,-18.3,-14.2,-1.2
7,0.3,-7.1,-14.2,9.8,-50.1
4.6,0.4,-12,-42.3,111.6,97.6
5.2,-5,-3.6,-50.1,-113.7,-22.2
6.7,-1.4,-9.1,17.1,19.6,-66.8
6.6,-0.6,-7.2,6.3,34.2,-19.1
4.7,-1.4,-8.2,-14.1,11.9,9.6
4.7,-1.4,-8.2,0.6,-10.5,2.2
5.8,-1.5,-8,0.6,-10.5,2.2
5.6,-1.1,-7.8,-6.4,-11.5,0.1
6.5,-0.6,-7.7,-40.5,-11,-40.1
0.3,-0.9,-7,-88.9,19.8,133.3
6.1,-6.3,-4.7,-10.9,-91.3,-49.8
7.2,-2.5,-7.8,21.8,7.3,-59.6
5.8,-0.5,-7.6,-12.3,39.6,-37.9
5.7,-0.6,-7.8,-1.6,-12.1,16.7
6.6,-0.7,-7.4,3,-2.6,-1
6.2,-0.6,-8,-10.4,-8.7,16.6
5.3,-0.9,-8.1,-11.4,-20.7,5.9
5,-0.5,-8.8,-2.8,-1.1,-2.7
7.3,1.2,-14.5,65.5,164.4,-103
0.6,-4,-3.3,-142.5,-53.4,77.2
5.7,-5.5,-7.6,2.5,-47.3,-79.3
6.3,-1.4,-8.8,-1.5,38.9,-49.1
5.8,-0.7,-7.9,5,26.1,-17.4
6.3,-0.8,-8,0.9,-2.4,-6.5
6.4,-0.8,-7.3,6.5,-13,8.4
6,-0.6,-8,-4.8,-5.6,4.1
5.6,-1,-7.2,-21.2,-32.4,20.4
9.4,0.6,-12,-4.2,176.6,-91.1
1.3,-3.9,-1.9,-147.9,-89.8,65
7.3,-4.3,-7.3,9,-39.2,-59.2
7.3,-4.3,-7.3,-2.9,23.9,-44.3
6.2,-0.3,-8.4,-2.9,23.9,-44.3
5.9,0.2,-7.9,7.8,24.4,-18.9
5.9,0.2,-7.9,-11.6,16,-5.2
5.3,0.1,-8.8,-17.6,-43.2,17.9
5.2,-0.1,-8.7,-7.1,-13.4,14.4
4.7,-0.5,-8.7,0.2,-4.5,2.5
4.7,-0.5,-8.7,-1.3,-6.9,-4
4.7,-0.4,-8.2,-1.3,-6.9,-4
7.2,0.4,-11.2,6.2,115.2,-66
7.2,0.4,-11.2,-106.3,-16.5,100.7
0.1,-2.9,-6.1,-106.3,-16.5,100.7
0.1,-2.9,-6.1,-50.2,-66.7,-61.8
5.8,-6.5,-4,-50.2,-66.7,-61.8
5.8,-6.5,-4,12.2,0,-71.4
6.6,-2.5,-8.7,12.2,0,-71.4
5.8,0,-8.4,3.2,35.9,-26.2
5.5,-0.2,-7.7,-3.7,3.3,0.9
5.5,-0.2,-7.7,-11.5,-3.9,-23.5
6.3,0.2,-7.6,-11.5,-3.9,-23.5
4.5,1.5,-8.8,-15.1,-8.8,-2.5
4.5,1.5,-8.8,1.1,128.2,42.9
7.2,0.3,-14,1.1,128.2,42.9
1.6,-4.2,-1.7,-102.9,-107.1,31.9
8.7,-2.3,-9.6,10.9,-10.7,-121.2
6,0.7,-7.9,-2.4,22.5,-23
6.2,0.4,-7.4,-0.5,9.3,-1.4
6,0.3,-7.2,-32.1,-20.3,24.7
6,0.3,-7.2,19.1,112.8,-82
8.8,1.5,-8.8,19.1,112.8,-82
0.3,-2.1,-4.2,-109.7,-51.6,125.4
6.7,-5.1,-7.4,30.4,-64.7,-74.7
6.7,-5.1,-7.4,3.1,16.7,-44.1
6.6,-0.2,-9,3.1,16.7,-44.1
5.6,0.4,-8.1,-0.4,16.2,4.5
5.9,-0.7,-7.8,-1.6,-7.2,4.9
5.7,-0.4,-8,-5.6,-11.9,6.8
5.7,-0.4,-8,-6.3,-4.8,-19.4
5.1,-0.2,-7.2,-6.3,-4.8,-19.4
2.7,2.1,-11.5,-104.2,106.2,161
4.8,-4.6,-3.5,-30.6,-116.8,-48.9
6.5,-1.7,-9.3,22.4,23.1,-46.1
6.6,-0.4,-7.5,2.7,21.6,-12.3
6.8,-0.6,-7.5,-2.7,-4.5,-5.1
6.7,-0.3,-7.3,-1.2,-2.7,-3.4
6.7,-0.3,-7.3,-20.3,-12.7,4.2
6,-0.8,-7.8,-20.3,-12.7,4.2
5.2,-0.8,-8.4,-4.9,0.6,-8
8.2,0.1,-6.7,-3.1,62.9,-88.2
-0.2,-0.1,-6.3,-126.6,-10.2,172.5
6.8,-5.5,-6.6,-0.8,-71.4,-66.2
6.2,-1.5,-8.5,3,8.3,-40.7
6.5,-0.3,-7.7,3,8.3,-40.7
6.5,-0.3,-7.7,0.4,20.2,-17.2
6.5,-0.2,-7.4,0.4,20.2,-17.2
5.5,-0.5,-7.9,-28.9,0.8,-10.2
5.4,-0.1,-8.1,-3.7,-3.8,-0.5
5,-0.7,-7.6,-26,-34.7,21.1
9,0.1,-6.5,-6.1,90,-92.7
-0.3,-0.1,-6.5,-132.7,-21.6,159
6.5,-4.5,-7.3,-40.1,-43.7,-116.6
5.3,-0.1,-8.5,-5.3,49.6,-34.7
5.4,0.5,-8.3,-2.8,16,-1.9
5.5,-0.1,-7.8,-2.7,-8,1.1
5.5,-0.1,-7.8,0.1,-4.1,5.1
5.9,-0.3,-7.5,0.1,-4.1,5.1
6.5,-2.1,-8.1,20,55.4,-17
6.5,-2.1,-8.1,-10.8,-9.5,-5
6.5,-1.5,-7,-18.3,-14.2,-1.2
7,0.3,-7.1,-14.2,9.8,-50.1
4.6,0.4,-12,-42.3,111.6,97.6
5.2,-5,-3.6,-50.1,-113.7,-22.2
6.7,-1.4,-9.1,17.1,19.6,-66.8
6.6,-0.6,-7.2,6.3,34.2,-19.1
4.7,-1.4,-8.2,-14.1,11.9,9.6
4.7,-1.4,-8.2,0.6,-10.5,2.2
