num,timestamp,acc1,acc2,acc3,gyro1,gyro2,gyro3,orien1,orien2,orien3
0.0,2023-12-07 09:08:15.896945,-1.5,-0.10000000000000053,2.2,16.0,16.2,4.8,296.9,37.6,2.6
0.0,2023-12-07 09:08:16.430773,11.2,-5.8,-5.1,60.5,154.6,-83.0,5.1,28.6,-34.7
0.0,2023-12-07 09:08:16.949595,-5.499999999999999,-1.5,13.4,-33.0,-181.5,-2.6,314.9,-4.8,-23.3
0.0,2023-12-07 09:08:17.437834,-1.0,4.7,-16.400000000000002,40.3,121.8,21.5,309.8,45.4,-4.6
1.0,2023-12-07 09:08:18.908016,-1.5,0.2999999999999998,1.4000000000000004,13.8,-5.6,-2.7,318.7,40.8,-12.3
1.0,2023-12-07 09:08:19.462635,7.699999999999999,-5.5,-4.5,46.2,145.6,-30.0,9.6,30.3,-37.6
1.0,2023-12-07 09:08:19.954837,0.8000000000000007,-1.9,8.299999999999999,-41.3,-175.1,-108.1,357.5,-13.3,-24.8
1.0,2023-12-07 09:08:20.496642,-8.9,1.0,-7.1,63.1,50.4,93.5,306.7,38.8,-16.6
2.0,2023-12-07 09:08:21.968686,-0.9000000000000001,0.10000000000000053,0.7000000000000002,4.5,4.9,5.7,331.5,45.0,-24.6
2.0,2023-12-07 09:08:22.456073,8.399999999999999,-7.2,-2.2,73.0,140.5,-79.1,20.9,19.0,-39.4
2.0,2023-12-07 09:08:22.873145,-5.8999999999999995,-4.9,12.099999999999998,73.0,140.5,-79.1,20.9,19.0,-39.4
2.0,2023-12-07 09:08:23.006967,-5.8999999999999995,-4.9,12.099999999999998,12.0,-239.4,36.2,325.0,-2.4,-41.6
3.0,2023-12-07 09:08:24.545345,-0.40000000000000036,-0.10000000000000053,0.09999999999999964,1.2,-1.5,-3.6,344.8,45.0,-37.3
3.0,2023-12-07 09:08:24.937005,-3.0,-2.6999999999999993,0.7000000000000002,33.7,64.0,13.2,348.0,42.9,-32.7
3.0,2023-12-07 09:08:25.438739,10.399999999999999,-5.2,4.499999999999999,82.7,-16.3,-91.7,26.4,-1.2,-27.5
3.0,2023-12-07 09:08:25.920958,-4.8999999999999995,7.3999999999999995,2.4000000000000004,-70.7,-94.2,108.7,336.9,28.0,-35.4
4.0,2023-12-07 09:08:28.411384,-1.5999999999999996,-1.7999999999999998,0.6000000000000005,37.9,36.8,47.5,347.9,47.6,-32.9
4.0,2023-12-07 09:08:28.959209,8.5,-7.2,3.4000000000000004,85.6,-49.9,-222.4,17.6,1.8,-31.4
4.0,2023-12-07 09:08:29.370262,-13.0,-0.5999999999999999,-0.3000000000000007,85.6,-49.9,-222.4,307.7,27.2,-24.5
4.0,2023-12-07 09:08:29.495211,-13.0,-0.5999999999999999,-0.3000000000000007,63.4,-59.8,170.9,307.7,27.2,-24.5
5.0,2023-12-07 09:08:30.942889,-1.3000000000000003,-0.3000000000000007,0.5,8.4,16.7,14.2,339.0,44.3,-27.5
5.0,2023-12-07 09:08:31.442166,12.7,-6.0,0.7000000000000002,86.9,118.8,-154.8,19.4,11.3,-30.8
5.0,2023-12-07 09:08:31.935131,-12.799999999999999,-5.5,7.2,65.3,-128.5,147.6,310.8,6.3,-34.9
6.0,2023-12-07 09:08:33.434767,0.0,0.0,1.1000000000000005,-2.4,3.8,4.7,339.9,42.9,-27.1
6.0,2023-12-07 09:08:33.934208,5.4,-7.9,-4.4,81.4,152.0,-25.1,25.4,28.4,-45.5
6.0,2023-12-07 09:08:34.431809,-4.6000000000000005,-1.9,13.399999999999999,-14.6,-202.5,-5.6,327.7,-9.8,-33.3
6.0,2023-12-07 09:08:34.919136,1.1000000000000005,6.1,-16.599999999999998,60.3,108.4,27.3,346.9,46.9,-36.7
7.0,2023-12-07 09:08:36.951209,-1.4000000000000001,0.40000000000000036,1.0999999999999996,3.8,0.8,10.7,344.9,49.8,-28.6
7.0,2023-12-07 09:08:37.465018,8.899999999999999,-7.300000000000001,0.7000000000000002,86.4,89.0,-119.7,20.7,20.4,-33.2
7.0,2023-12-07 09:08:37.871550,-6.1,-2.2,13.399999999999999,-7.8,-161.5,122.0,20.7,20.4,-33.2
7.0,2023-12-07 09:08:38.002373,-6.1,-2.2,13.399999999999999,-7.8,-161.5,122.0,317.3,3.2,-30.8
8.0,2023-12-07 09:08:39.975959,-2.1,-0.7000000000000002,1.7999999999999998,16.9,21.3,17.6,347.4,44.7,-29.3
8.0,2023-12-07 09:08:40.463736,10.8,-7.5,0.40000000000000036,59.4,75.2,-131.2,26.4,9.7,-31.2
8.0,2023-12-07 09:08:40.873019,-13.4,-3.5999999999999996,7.0,52.2,-153.8,160.1,26.4,9.7,-31.2
8.0,2023-12-07 09:08:40.993722,-13.4,-3.5999999999999996,7.0,52.2,-153.8,160.1,315.3,12.3,-31.5
9.0,2023-12-07 09:08:47.464415,-3.4,-0.1999999999999993,2.8,26.2,4.5,23.1,315.7,80.2,5.8
9.0,2023-12-07 09:08:47.911828,13.2,-3.0,2.3000000000000003,63.0,41.3,-120.8,41.0,44.6,-37.0
9.0,2023-12-07 09:08:48.428523,-9.899999999999999,-0.5999999999999996,10.6,-18.1,-139.2,118.2,328.1,37.3,-26.4
10.0,2023-12-07 09:08:50.491874,-0.7,-0.20000000000000107,0.30000000000000004,21.6,16.7,-9.9,313.3,84.9,4.3
10.0,2023-12-07 09:08:50.885163,7.0,-5.699999999999999,2.3,60.5,113.2,-77.5,32.8,51.3,-44.5
10.0,2023-12-07 09:08:51.428267,0.6000000000000005,1.0,13.4,-83.8,-164.6,-52.2,354.0,10.7,-26.7
10.0,2023-12-07 09:08:51.919276,-5.6000000000000005,-0.7000000000000002,-15.700000000000001,75.2,19.0,68.7,329.8,73.4,-25.6
11.0,2023-12-07 09:08:53.450632,-2.2,-3.1000000000000005,1.2999999999999998,67.8,51.3,-5.5,9.1,71.2,-40.7
11.0,2023-12-07 09:08:54.002346,12.5,-1.3999999999999995,3.0000000000000004,58.0,-13.2,-165.6,47.8,23.2,-38.3
11.0,2023-12-07 09:08:54.400173,-12.6,-1.0000000000000004,0.0,0.1,-135.9,94.0,346.4,58.9,-50.3
12.0,2023-12-07 09:09:00.420019,-6.0,2.5,2.8,-21.7,7.6,47.2,344.7,46.0,32.3
12.0,2023-12-07 09:09:00.907205,14.8,-6.1,-10.2,112.1,15.6,-48.9,131.4,78.5,-71.4
12.0,2023-12-07 09:09:01.404568,-14.5,4.699999999999999,14.9,-91.3,-69.9,85.8,18.6,30.9,10.3
13.0,2023-12-07 09:09:04.403656,-0.10000000000000053,0.9000000000000004,-1.7999999999999998,3.5,-1.3,7.4,51.4,34.0,-28.7
13.0,2023-12-07 09:09:04.885293,1.1000000000000005,-3.1,-5.0,109.9,107.7,109.4,95.0,48.3,-44.1
13.0,2023-12-07 09:09:05.397456,-6.9,-3.4,13.0,-42.4,-182.3,26.0,53.2,-5.0,12.2
13.0,2023-12-07 09:09:05.919917,0.0,1.3,-9.799999999999999,29.8,94.1,162.9,44.2,41.1,-25.3
14.0,2023-12-07 09:09:07.919428,-2.5,0.9000000000000004,3.500000000000001,3.6,12.4,2.4,71.6,47.5,-28.5
14.0,2023-12-07 09:09:08.415757,1.5999999999999999,-9.600000000000001,-2.200000000000001,89.2,-160.1,-197.0,93.4,38.7,-0.1
14.0,2023-12-07 09:09:08.916578,-10.8,1.5,6.0,59.6,31.2,219.2,13.2,14.3,10.2
15.0,2023-12-07 09:09:11.454964,-1.7999999999999998,0.09999999999999964,0.09999999999999964,-18.4,-16.6,-16.2,65.5,69.0,1.3
15.0,2023-12-07 09:09:11.884622,-0.7,-1.5999999999999996,-0.09999999999999964,54.2,91.9,61.4,65.5,69.0,1.3
15.0,2023-12-07 09:09:12.008804,-0.7,-1.5999999999999996,-0.09999999999999964,54.2,91.9,61.4,95.6,69.4,-32.1
15.0,2023-12-07 09:09:12.386807,1.1,-5.3999999999999995,4.2,77.7,-164.1,-89.5,104.7,45.8,9.5
15.0,2023-12-07 09:09:12.901322,-6.800000000000001,2.5999999999999996,4.6,-37.7,14.9,123.6,29.2,23.6,4.3
16.0,2023-12-07 09:09:22.416251,-1.1,-1.8000000000000003,2.0,-10.3,-14.2,-1.9,166.9,-25.2,-3.3
16.0,2023-12-07 09:09:22.890266,0.6000000000000001,-1.0,-6.9,-78.4,161.6,-77.3,183.0,-55.1,5.4
16.0,2023-12-07 09:09:23.405453,3.9000000000000004,7.300000000000001,13.799999999999999,27.0,-216.9,90.0,189.2,2.1,-22.4
17.0,2023-12-07 09:09:26.408014,2.0999999999999996,-0.5999999999999996,1.0000000000000009,-10.9,-8.1,-3.8,175.4,-42.0,-10.6
17.0,2023-12-07 09:09:26.904040,-6.199999999999999,3.5,-4.500000000000001,-91.1,47.5,72.7,228.2,-52.0,10.6
17.0,2023-12-07 09:09:27.394960,6.6,4.3,7.3999999999999995,58.8,-120.5,-56.1,177.2,5.4,-16.8
17.0,2023-12-07 09:09:27.890496,-0.5999999999999996,-3.5999999999999996,-7.499999999999999,-65.5,128.7,-88.5,172.4,-49.5,-10.8
18.0,2023-12-07 09:09:29.911424,3.9,-0.7000000000000002,0.0,-1.2,33.5,-41.1,178.7,-51.4,-20.6
18.0,2023-12-07 09:09:30.426410,-3.6,6.9,4.9,-79.6,-163.2,182.3,210.4,-27.0,-22.7
18.0,2023-12-07 09:09:30.899642,5.6,4.0,1.799999999999999,10.5,-59.7,-89.4,156.3,8.6,-18.7
18.0,2023-12-07 09:09:31.422457,-7.7,-8.8,-8.5,-44.1,100.9,-12.0,184.5,-52.6,-2.0
19.0,2023-12-07 09:09:34.914298,2.1000000000000005,-0.3000000000000007,-0.6000000000000005,7.3,76.2,-6.6,171.2,-54.3,-21.6
19.0,2023-12-07 09:09:35.386431,-9.9,6.000000000000001,0.2999999999999998,-74.3,-15.9,117.9,231.9,-48.9,3.8
19.0,2023-12-07 09:09:35.892346,10.3,4.4,6.6,9.2,-81.1,-97.2,166.4,15.2,-23.5
19.0,2023-12-07 09:09:36.401763,-4.3,-5.5,-8.7,-68.8,120.4,-60.3,177.0,-51.9,-4.4
20.0,2023-12-07 09:09:40.386335,3.1000000000000005,0.09999999999999964,0.6000000000000005,20.5,67.7,-23.5,154.5,-56.5,-33.5
20.0,2023-12-07 09:09:40.893298,-9.5,7.5,0.1999999999999993,-160.3,-63.8,140.8,227.4,-46.2,-1.0
20.0,2023-12-07 09:09:41.408217,13.4,-0.3999999999999999,6.200000000000001,-6.8,-22.0,-182.5,227.4,-46.2,-1.0
20.0,2023-12-07 09:09:41.532785,13.4,-0.3999999999999999,6.200000000000001,-6.8,-22.0,-182.5,151.5,0.0,-27.4
21.0,2023-12-07 09:09:42.909310,2.0,0.40000000000000036,-1.7000000000000002,-8.2,7.4,-2.7,150.1,-55.2,-53.0
21.0,2023-12-07 09:09:43.395758,-4.3999999999999995,3.5999999999999996,-3.6999999999999997,-132.4,107.4,41.7,215.1,-65.9,-9.5
21.0,2023-12-07 09:09:43.894933,10.6,3.8,17.2,25.1,-112.5,-150.3,186.0,11.7,-39.4
22.0,2023-12-07 09:09:45.443268,1.9,-0.5999999999999996,-3.8000000000000007,1.5,-18.9,-14.7,198.0,-53.1,-36.7
22.0,2023-12-07 09:09:45.925674,-9.2,9.6,0.20000000000000018,-173.8,-23.7,131.7,267.6,-45.2,2.0
22.0,2023-12-07 09:09:46.403522,16.3,0.5,6.000000000000001,34.5,-34.6,-150.9,184.7,8.0,-33.3
22.0,2023-12-07 09:09:46.883459,-10.7,-7.300000000000001,-9.700000000000001,-25.1,115.7,-7.6,200.1,-59.0,-13.2
23.0,2023-12-07 09:09:52.439876,-4.300000000000001,-0.7000000000000002,-3.3000000000000003,48.5,74.1,43.4,354.8,56.0,40.1
23.0,2023-12-07 09:09:52.943972,12.2,-6.3999999999999995,4.9,77.3,-100.7,-113.7,67.1,42.7,24.8
23.0,2023-12-07 09:09:53.444745,-21.9,-2.9000000000000004,-0.10000000000000142,-9.3,9.5,187.8,347.5,7.3,43.4
24.0,2023-12-07 09:09:55.420103,0.40000000000000036,0.5,-0.7000000000000002,14.2,12.5,-4.1,22.1,64.0,44.5
24.0,2023-12-07 09:09:55.974782,4.199999999999999,-3.700000000000001,-0.5999999999999996,80.9,-65.3,-81.3,55.9,60.1,34.5
24.0,2023-12-07 09:09:56.396540,-12.700000000000001,-6.8,8.5,-38.3,-79.5,149.1,359.6,-5.6,46.4
25.0,2023-12-07 09:09:58.400683,-1.5,-0.09999999999999964,-1.8,-4.8,0.2,-1.7,15.8,69.1,62.7
25.0,2023-12-07 09:09:58.902541,7.300000000000001,-6.800000000000001,3.0999999999999996,88.6,-55.5,-160.9,75.6,51.2,19.4
25.0,2023-12-07 09:09:59.389524,-16.9,-5.800000000000001,7.0,-23.2,-61.9,126.1,357.6,-3.4,42.3
25.0,2023-12-07 09:09:59.929230,10.6,7.300000000000001,-10.1,71.4,115.7,42.8,5.6,63.2,30.5
26.0,2023-12-07 09:10:04.392169,-0.30000000000000027,0.1999999999999993,-0.6000000000000001,4.1,2.8,4.1,2.4,66.9,50.5
26.0,2023-12-07 09:10:04.896909,3.0,-2.4000000000000004,-0.09999999999999987,91.4,48.7,-56.0,68.6,68.2,6.4
26.0,2023-12-07 09:10:05.390251,-12.9,-7.8,13.7,-31.7,-143.7,74.5,43.7,-2.9,55.2
26.0,2023-12-07 09:10:05.899555,4.0,2.2,-11.0,15.6,114.7,111.1,350.7,36.8,39.5
27.0,2023-12-07 09:10:07.446687,-2.2,-0.9000000000000004,-2.4,23.7,57.6,-19.8,45.2,59.7,26.3
27.0,2023-12-07 09:10:07.918455,-2.2,-14.6,9.1,121.8,-258.5,-116.9,104.7,10.8,53.1
27.0,2023-12-07 09:10:08.409689,-7.8,1.2999999999999998,-7.8999999999999995,-7.7,143.5,256.4,36.7,20.9,37.5
28.0,2023-12-07 09:10:10.000149,-2.9000000000000004,1.3999999999999995,-2.3,-45.0,15.4,2.2,105.4,51.0,23.0
28.0,2023-12-07 09:10:10.393658,-2.2,-15.5,4.999999999999999,124.7,-254.0,75.1,138.2,-1.7,70.7
28.0,2023-12-07 09:10:10.993724,-11.4,-3.3,-3.499999999999999,-97.4,101.5,242.1,45.8,2.5,38.1
28.0,2023-12-07 09:10:11.401689,25.4,9.799999999999999,3.0,14.0,135.7,-244.2,131.2,36.9,-10.6
29.0,2023-12-07 09:10:13.389048,3.0999999999999996,-5.6000000000000005,-4.3,215.2,53.7,-115.1,141.6,50.7,17.6
29.0,2023-12-07 09:10:13.922943,-28.0,-16.3,8.6,-113.5,55.4,232.0,97.6,-38.2,60.3
30.0,2023-12-07 09:10:15.399883,7.699999999999999,-5.4,-6.1,300.8,19.5,-50.6,166.6,60.2,19.8
30.0,2023-12-07 09:10:15.906168,-28.400000000000002,-14.7,7.6,-10.9,19.7,233.9,109.1,-44.9,82.0
31.0,2023-12-07 09:10:21.906073,-5.3999999999999995,0.7000000000000002,-1.4000000000000001,47.6,67.0,22.5,8.8,64.5,50.4
31.0,2023-12-07 09:10:22.432088,12.6,-9.8,5.1,88.6,-244.2,-151.5,100.1,41.8,33.7
31.0,2023-12-07 09:10:22.920096,-22.5,-2.6000000000000005,-1.2999999999999998,-81.6,71.1,217.7,14.4,15.6,32.7
32.0,2023-12-07 09:10:24.454419,0.7999999999999998,-0.8000000000000007,-1.7,35.5,90.8,-45.7,93.0,65.4,-0.8
32.0,2023-12-07 09:10:24.892552,6.4,-7.3999999999999995,4.6,156.1,-50.7,-85.7,131.3,24.5,10.5
32.0,2023-12-07 09:10:25.452576,-15.600000000000001,-10.1,1.6000000000000005,48.3,-13.1,227.2,56.2,-21.6,44.3
33.0,2023-12-07 09:10:26.940482,-4.2,-0.1999999999999993,0.5,-3.1,-25.8,-1.2,72.7,55.2,13.7
33.0,2023-12-07 09:10:27.440993,7.6,-5.5,-1.0,160.2,130.9,-89.7,131.6,41.2,-13.4
33.0,2023-12-07 09:10:27.924864,-18.5,-12.200000000000001,7.800000000000001,66.8,-172.1,97.3,100.8,-31.6,48.6
33.0,2023-12-07 09:10:28.393444,9.7,10.0,-9.200000000000001,2.2,173.5,126.8,61.0,37.6,7.7
34.0,2023-12-07 09:10:29.896984,-1.2,0.5,0.7999999999999998,4.6,0.1,3.8,111.8,55.9,-6.4
34.0,2023-12-07 09:10:30.400686,1.0,-13.2,1.5999999999999996,186.8,35.6,-195.3,163.6,19.9,0.9
34.0,2023-12-07 09:10:30.935464,-20.0,-10.3,-2.9999999999999996,-18.5,2.3,264.1,89.9,-42.1,72.9
34.0,2023-12-07 09:10:31.402490,17.9,16.400000000000002,-1.7000000000000002,67.0,208.6,52.7,91.9,56.9,7.4
35.0,2023-12-07 09:10:32.885996,-1.4999999999999998,0.6999999999999993,-2.6999999999999997,-3.1,65.9,-11.6,120.3,57.1,-2.8
35.0,2023-12-07 09:10:33.380877,0.9999999999999998,-16.8,10.1,254.6,-70.7,-166.8,170.8,-1.5,30.6
35.0,2023-12-07 09:10:33.889270,-15.3,-2.3,-8.899999999999999,-54.2,72.3,213.6,50.5,-22.4,45.7
35.0,2023-12-07 09:10:34.400601,20.6,12.6,-3.0,181.7,201.4,36.2,50.5,-22.4,45.7
36.0,2023-12-07 09:10:36.383519,1.1,-0.6000000000000014,0.19999999999999973,5.2,-16.0,8.8,124.4,57.6,-4.0
36.0,2023-12-07 09:10:36.887352,-1.2,-12.1,-0.6999999999999997,221.4,-3.6,-213.1,161.8,18.9,0.3
36.0,2023-12-07 09:10:37.484301,-18.2,-13.299999999999999,-3.9000000000000004,118.3,167.3,348.2,51.5,-29.0,66.9
36.0,2023-12-07 09:10:37.968927,18.8,19.099999999999998,1.6,145.5,168.5,-54.1,117.7,77.2,-3.5
37.0,2023-12-07 09:10:40.888589,-7.3,1.2999999999999998,3.0,-35.4,-37.1,33.1,348.9,49.8,14.1
37.0,2023-12-07 09:10:41.391715,20.5,-9.4,-3.2,139.8,-31.1,-140.4,95.8,39.0,-31.7
37.0,2023-12-07 09:10:41.899484,-22.6,2.1,4.7,-65.0,-2.1,172.5,95.8,39.0,-31.7
38.0,2023-12-07 09:10:45.382258,-5.499999999999999,-1.4,1.5,17.7,-28.8,35.5,228.9,22.4,47.4
38.0,2023-12-07 09:10:45.877185,-5.499999999999999,-1.4,1.5,13.6,191.4,-217.2,228.9,22.4,47.4
38.0,2023-12-07 09:10:45.996145,20.299999999999997,-2.9000000000000004,-1.700000000000001,13.6,191.4,-217.2,296.7,46.9,-0.6
38.0,2023-12-07 09:10:46.389462,-16.4,-9.600000000000001,3.8000000000000007,166.0,-193.2,156.2,241.3,13.3,15.1
39.0,2023-12-07 09:10:48.941328,-3.6000000000000005,-1.2999999999999998,-1.2000000000000002,42.6,50.2,19.9,245.1,48.4,42.8
39.0,2023-12-07 09:10:49.420941,15.2,-7.1,8.899999999999999,27.4,10.1,-204.0,326.0,9.5,-8.5
39.0,2023-12-07 09:10:49.892164,-13.7,-3.8,-4.199999999999999,136.0,-101.2,176.2,245.8,17.8,14.5
39.0,2023-12-07 09:10:50.399529,11.0,14.5,-2.9000000000000004,14.9,30.4,-12.6,305.0,58.5,-9.6
40.0,2023-12-07 09:10:52.433977,-1.1,0.2999999999999998,-0.20000000000000018,7.1,4.5,-1.6,258.4,45.1,29.1
40.0,2023-12-07 09:10:52.926941,9.3,-6.6000000000000005,-3.4999999999999996,31.3,192.8,-87.8,322.5,44.5,-19.4
40.0,2023-12-07 09:10:53.411743,-1.4999999999999996,-2.4,11.4,-22.3,-235.5,36.7,288.4,-8.1,-12.6
40.0,2023-12-07 09:10:53.899678,-4.2,4.0,-14.2,63.7,198.7,-45.4,262.2,57.4,26.1
41.0,2023-12-07 09:10:55.961368,-4.7,-4.7,-2.8,-7.6,131.5,51.1,282.2,58.7,12.2
41.0,2023-12-07 09:10:56.449849,12.600000000000001,-3.3000000000000003,7.6,87.2,-152.1,-85.2,343.7,-3.5,-10.3
41.0,2023-12-07 09:10:56.968215,-11.3,-1.6,-7.0,142.8,50.9,131.1,246.7,38.8,14.9
42.0,2023-12-07 09:10:58.962274,-4.6000000000000005,-1.2999999999999998,-0.5,-10.1,-44.7,21.5,257.9,27.2,27.4
42.0,2023-12-07 09:10:59.492671,4.5,-4.6,-5.699999999999999,-16.8,228.1,-5.1,301.0,50.1,-2.3
42.0,2023-12-07 09:10:59.941546,6.9,-0.20000000000000007,11.799999999999999,-24.5,-253.5,-21.1,318.9,-11.1,-6.7
42.0,2023-12-07 09:11:00.462914,-6.6000000000000005,3.7,-13.5,101.6,123.6,19.4,275.8,61.0,12.9
43.0,2023-12-07 09:11:01.906677,-1.5999999999999999,1.1999999999999993,-0.09999999999999964,-10.3,-24.4,16.3,280.1,51.0,10.3
43.0,2023-12-07 09:11:02.409043,11.9,-9.7,-2.6,-0.6,211.3,-3.1,333.4,46.0,-29.0
43.0,2023-12-07 09:11:02.916996,1.4000000000000004,-3.9000000000000004,15.499999999999998,-71.4,-289.0,-64.4,307.1,-12.9,-43.4
44.0,2023-12-07 09:11:04.930155,-1.4,-4.3,-5.3,23.3,110.2,18.7,309.1,54.8,-14.3
44.0,2023-12-07 09:11:05.407387,9.899999999999999,-8.0,11.700000000000001,64.1,-205.1,-111.4,349.4,-14.6,-22.2
44.0,2023-12-07 09:11:05.896272,-14.799999999999999,7.0,-12.6,87.8,40.9,73.5,266.0,54.3,5.8
45.0,2023-12-07 09:11:07.418813,-3.4000000000000004,-1.8000000000000007,-0.5,27.1,64.7,9.3,310.2,49.5,-9.0
45.0,2023-12-07 09:11:07.898868,13.200000000000001,-7.5,4.5,69.7,34.1,-187.0,355.8,1.0,-30.7
45.0,2023-12-07 09:11:08.399223,-14.5,-2.4,0.7000000000000011,146.3,-70.4,190.3,259.9,15.2,-13.6
45.0,2023-12-07 09:11:08.905741,-14.5,-2.4,0.7000000000000011,17.1,49.5,8.9,330.1,46.8,-35.3
46.0,2023-12-07 09:11:09.895885,-2.8999999999999995,0.7999999999999998,0.2999999999999998,-3.5,-30.1,4.6,303.1,55.7,-18.8
46.0,2023-12-07 09:11:10.394404,4.3999999999999995,-8.7,-3.3000000000000003,74.8,202.9,-67.6,299.9,58.1,-14.3
46.0,2023-12-07 09:11:10.896226,0.5,-4.800000000000001,15.4,-65.2,-300.6,-41.7,315.0,-15.4,-12.6
46.0,2023-12-07 09:11:11.406895,-6.1,8.7,-17.6,76.3,121.9,-4.3,276.1,63.4,2.9
47.0,2023-12-07 09:11:12.885397,-2.4,1.4000000000000004,2.3999999999999995,10.0,-27.8,-23.4,292.8,45.6,-3.5
47.0,2023-12-07 09:11:13.421018,7.8,-10.6,-6.3999999999999995,18.1,202.5,-74.4,0.0,38.0,-35.4
47.0,2023-12-07 09:11:13.959819,2.000000000000001,-3.4,14.3,-28.9,-262.6,-47.8,309.0,-10.4,-41.8
47.0,2023-12-07 09:11:14.402023,3.0999999999999996,8.6,-12.100000000000001,107.1,153.3,7.8,353.8,40.5,-43.1
48.0,2023-12-07 09:11:16.910665,2.1,1.0999999999999999,-5.800000000000001,-5.0,-7.3,-25.3,233.4,18.3,-2.1
48.0,2023-12-07 09:11:17.392177,-5.9,-11.4,-5.8,125.7,46.5,213.4,196.0,35.0,24.5
48.0,2023-12-07 09:11:17.881199,23.1,7.6,7.3,111.4,29.1,-242.8,311.7,8.5,-33.6
48.0,2023-12-07 09:11:18.388641,-19.5,-6.6,-8.8,164.8,98.6,200.0,311.7,8.5,-33.6
49.0,2023-12-07 09:11:19.917746,-2.0,0.0,2.5999999999999996,49.1,-32.9,-20.4,228.3,36.5,9.2
49.0,2023-12-07 09:11:20.404648,27.0,-12.899999999999999,-4.199999999999999,63.6,277.2,-214.1,323.3,16.0,-38.2
49.0,2023-12-07 09:11:20.890517,-31.9,-2.3000000000000007,-7.0,246.2,56.8,177.3,216.0,41.3,13.0
50.0,2023-12-07 09:11:22.440082,0.0,0.0,0.5,-5.1,-15.0,-11.7,256.0,39.7,-2.3
50.0,2023-12-07 09:11:22.929217,0.6000000000000001,-8.2,-8.9,30.0,262.6,83.2,277.2,57.7,-8.5
50.0,2023-12-07 09:11:23.426407,12.8,-8.600000000000001,12.299999999999999,-17.9,-236.8,-282.3,286.1,-29.4,-47.0
50.0,2023-12-07 09:11:23.911752,-12.8,13.0,-10.399999999999999,80.3,160.2,63.7,231.3,55.9,10.1
51.0,2023-12-07 09:11:25.401316,-7.5,0.5,5.4,26.3,-74.5,1.1,256.1,48.5,-1.0
51.0,2023-12-07 09:11:25.906439,21.9,-10.7,0.0,40.6,231.5,-20.4,323.6,31.3,-44.3
51.0,2023-12-07 09:11:26.415791,-14.399999999999999,-9.399999999999999,1.3999999999999986,274.6,-246.9,88.6,323.6,31.3,-44.3
51.0,2023-12-07 09:11:26.540188,-14.399999999999999,-9.399999999999999,1.3999999999999986,274.6,-246.9,88.6,224.7,3.4,-43.8
52.0,2023-12-07 09:11:28.390276,4.6,-7.8,-1.2999999999999998,4.1,189.2,-68.0,309.6,34.2,-45.9
52.0,2023-12-07 09:11:28.910052,4.0,-10.700000000000001,12.3,154.8,-177.2,-188.2,236.7,-26.7,-66.0
52.0,2023-12-07 09:11:29.406293,-14.2,10.8,-15.0,88.1,125.7,111.9,215.2,45.8,10.8
53.0,2023-12-07 09:11:30.886648,-7.6,-6.9,0.5,23.5,134.5,50.9,231.5,53.9,14.9
53.0,2023-12-07 09:11:31.393687,18.2,-6.6,-4.8,-8.4,-7.0,-337.5,231.5,53.9,14.9
53.0,2023-12-07 09:11:31.512126,18.2,-6.6,-4.8,-8.4,-7.0,-337.5,301.3,-5.3,-61.3
53.0,2023-12-07 09:11:31.896165,-15.899999999999999,1.4000000000000004,1.4000000000000001,181.4,97.9,160.7,194.6,35.6,6.0
54.0,2023-12-07 09:11:33.384555,-2.4,1.2000000000000002,1.4000000000000004,-2.6,-27.8,32.6,196.8,27.3,12.6
54.0,2023-12-07 09:11:33.879253,15.7,-10.5,-11.1,-2.6,-27.8,32.6,196.8,27.3,12.6
54.0,2023-12-07 09:11:33.996593,15.7,-10.5,-11.1,105.2,317.1,-158.7,274.6,47.9,-37.4
54.0,2023-12-07 09:11:34.381374,-12.7,-6.4,19.099999999999998,149.9,-159.7,86.6,201.6,-8.9,-29.0
55.0,2023-12-07 09:11:36.390354,-2.3,0.40000000000000036,-0.20000000000000107,24.8,-19.1,24.4,229.4,29.3,7.8
55.0,2023-12-07 09:11:37.096164,10.9,-6.9,-9.7,45.6,270.8,5.6,288.1,53.8,-30.1
55.0,2023-12-07 09:11:37.453386,0.09999999999999964,-9.3,16.8,155.1,-172.8,-54.7,237.8,-26.5,-49.4
55.0,2023-12-07 09:11:37.917729,-8.299999999999999,13.7,-15.100000000000001,68.6,114.7,85.0,231.8,48.3,10.5
56.0,2023-12-07 09:11:39.392247,-0.40000000000000013,-0.40000000000000036,0.2999999999999998,-1.7,-6.3,0.7,248.1,48.1,-0.1
56.0,2023-12-07 09:11:39.950045,-2.4,-2.3,-1.8999999999999995,-1.9,39.8,28.5,248.4,50.3,0.8
56.0,2023-12-07 09:11:40.424241,14.899999999999999,-7.3,-7.5,32.9,102.2,-101.3,341.0,2.4,-73.0
56.0,2023-12-07 09:11:40.909249,-8.1,-6.9,14.0,165.3,-222.5,12.1,227.4,4.0,-47.4
57.0,2023-12-07 09:11:42.887047,-1.0,0.2999999999999998,0.10000000000000053,3.7,-3.1,-2.9,246.2,51.2,-8.8
57.0,2023-12-07 09:11:43.395310,4.5,-7.0,-7.5,24.4,197.0,31.4,302.3,57.7,-52.9
57.0,2023-12-07 09:11:43.895137,14.5,-8.0,5.699999999999999,156.6,-40.0,-256.4,308.8,-27.1,-66.9
57.0,2023-12-07 09:11:44.384036,-22.4,8.3,-1.5999999999999996,89.5,1.2,124.6,220.3,53.1,-7.2
58.0,2023-12-07 09:11:46.108225,-2.4,0.7000000000000011,1.5,4.5,-20.7,-5.9,244.1,57.3,-6.3
58.0,2023-12-07 09:11:46.379469,8.600000000000001,-8.4,-10.8,108.2,206.7,82.8,244.1,57.3,-6.3
58.0,2023-12-07 09:11:46.505544,8.600000000000001,-8.4,-10.8,108.2,206.7,82.8,327.1,57.7,-71.5
58.0,2023-12-07 09:11:46.882912,7.899999999999999,-6.2,19.200000000000003,35.0,-236.1,-158.2,271.1,-18.0,-52.2
58.0,2023-12-07 09:11:47.388101,-17.099999999999998,10.0,-14.0,70.3,49.0,68.7,228.1,60.2,4.5
59.0,2023-12-07 09:11:48.898188,-1.5,-0.40000000000000036,0.5,-2.0,-6.1,-3.5,236.7,62.3,-1.2
59.0,2023-12-07 09:11:49.390379,-3.2,-3.8000000000000007,0.0,39.8,67.6,17.8,230.1,63.2,9.5
59.0,2023-12-07 09:11:49.979598,19.4,-6.0,1.4000000000000004,109.1,58.8,-190.2,320.0,5.3,-48.5
59.0,2023-12-07 09:11:50.462550,-16.4,-5.6,5.9,139.9,-110.0,179.9,223.0,12.7,-23.1
59.0,2023-12-07 09:11:50.928662,6.8,15.1,-9.8,16.3,65.1,23.7,267.5,57.7,-27.2
60.0,2023-12-07 09:11:52.423449,0.30000000000000004,0.5,-0.09999999999999964,3.2,-5.4,-2.0,245.0,57.0,-8.1
60.0,2023-12-07 09:11:52.918327,0.6000000000000001,-4.1000000000000005,-3.9000000000000004,9.0,98.3,39.6,277.9,65.4,-30.0
60.0,2023-12-07 09:11:53.423551,17.799999999999997,-10.100000000000001,1.4,115.4,24.6,-247.0,321.4,-10.2,-68.9
60.0,2023-12-07 09:11:53.929019,-19.5,6.300000000000001,2.9,161.6,-69.7,121.1,223.2,48.8,-23.2
61.0,2023-12-07 09:11:55.906914,-3.6999999999999997,-1.299999999999999,3.2,36.8,-19.3,34.9,256.6,59.5,-16.2
61.0,2023-12-07 09:11:56.434152,13.600000000000001,-9.3,-9.7,71.1,218.8,11.1,351.7,21.1,-79.6
61.0,2023-12-07 09:11:56.913003,-0.6000000000000014,-4.199999999999999,16.1,168.4,-278.3,-123.5,247.5,-10.6,-68.2
61.0,2023-12-07 09:11:57.405276,-10.1,9.8,-14.799999999999999,222.0,201.1,9.6,243.8,64.8,-4.2
62.0,2023-12-07 09:11:59.893326,-3.9000000000000004,-4.9,2.5,63.3,37.3,65.5,197.9,56.2,29.6
62.0,2023-12-07 09:12:00.412117,23.1,-2.7,-10.5,97.1,144.2,-132.6,346.2,26.0,-78.3
62.0,2023-12-07 09:12:00.894397,-13.1,-4.8,16.1,127.6,-248.6,51.2,216.0,26.4,-44.9
63.0,2023-12-07 09:12:02.906615,-5.6,-1.5999999999999996,2.6,31.1,-21.7,28.9,202.2,58.3,16.7
63.0,2023-12-07 09:12:03.405607,16.6,-8.6,-7.0,25.6,220.7,50.4,332.0,41.2,-80.6
63.0,2023-12-07 09:12:03.908855,9.200000000000001,-1.4,4.3,111.8,-308.5,-291.1,265.9,-8.1,-86.7
63.0,2023-12-07 09:12:04.396758,-21.200000000000003,6.7,-3.0,137.1,75.6,51.0,202.6,70.5,5.2
64.0,2023-12-07 09:12:06.900744,-2.9000000000000004,-0.7999999999999998,3.8999999999999995,17.4,-46.8,1.8,202.6,56.2,21.0
64.0,2023-12-07 09:12:07.440130,14.899999999999999,-10.1,-10.899999999999999,67.6,231.1,-50.0,338.1,44.1,-83.6
64.0,2023-12-07 09:12:07.911522,0.9000000000000004,-5.799999999999999,16.1,131.6,-303.7,-124.4,234.6,-3.4,-62.2
64.0,2023-12-07 09:12:08.393492,-12.2,12.899999999999999,-14.4,99.4,105.8,37.0,201.9,73.4,15.1
65.0,2023-12-07 09:12:09.900701,-2.4,-1.0,2.3999999999999995,-14.5,-33.1,-30.0,205.9,51.4,13.1
65.0,2023-12-07 09:12:10.405073,-1.4,-6.0,-3.0999999999999996,63.9,155.9,82.0,208.1,62.7,25.4
65.0,2023-12-07 09:12:10.918721,19.0,-12.799999999999999,2.3,151.2,82.7,-336.5,313.7,-7.8,-73.8
65.0,2023-12-07 09:12:11.434184,-12.600000000000001,5.3999999999999995,3.8000000000000007,196.4,-122.7,158.2,192.7,29.9,-22.4
66.0,2023-12-07 09:12:14.412352,-4.7,-1.9,5.199999999999999,34.2,-24.6,26.4,153.7,28.0,4.3
66.0,2023-12-07 09:12:14.893291,9.9,-4.0,-19.099999999999998,84.5,226.1,-42.2,266.2,66.1,-52.6
66.0,2023-12-07 09:12:15.391678,8.0,-8.3,17.2,84.5,226.1,-42.2,266.2,66.1,-52.6
66.0,2023-12-07 09:12:15.511438,8.0,-8.3,17.2,189.2,-212.8,-231.8,208.8,-24.6,-59.1
67.0,2023-12-07 09:12:16.887428,-8.6,-4.0,5.1000000000000005,-3.0,-19.8,0.8,195.2,32.0,19.4
67.0,2023-12-07 09:12:17.382730,5.6,-7.6,-9.4,78.7,267.4,48.8,247.2,67.5,-10.1
67.0,2023-12-07 09:12:17.881072,7.999999999999999,-5.6,15.6,78.7,267.4,48.8,247.2,67.5,-10.1
67.0,2023-12-07 09:12:18.000730,7.999999999999999,-5.6,15.6,101.3,-264.0,-130.8,240.4,-6.9,-45.2
68.0,2023-12-07 09:12:19.397982,7.1,-8.2,-7.3,70.6,256.7,6.4,298.1,60.7,-40.9
68.0,2023-12-07 09:12:19.889126,3.2,-1.5000000000000002,17.400000000000002,59.2,-208.0,-16.0,267.7,0.0,-38.0
69.0,2023-12-07 09:12:21.406036,-3.5999999999999996,-5.1,-3.9000000000000004,85.5,142.6,66.9,255.4,71.8,4.8
69.0,2023-12-07 09:12:21.900312,16.5,-7.0,6.2,-22.5,-132.3,-277.2,309.0,0.8,-38.9
69.0,2023-12-07 09:12:22.414260,-16.7,1.5999999999999996,-2.9000000000000004,117.5,21.7,211.2,225.8,42.8,1.3
70.0,2023-12-07 09:12:23.593643,-9.3,-0.9000000000000004,4.5,5.5,-58.3,-31.7,277.4,69.9,-16.7
70.0,2023-12-07 09:12:23.895527,6.5,-7.5,-4.3,79.2,213.7,45.5,359.1,61.3,-76.7
70.0,2023-12-07 09:12:24.401717,5.5,-5.7,14.1,-39.8,-214.7,-150.9,303.4,-10.6,-39.0
70.0,2023-12-07 09:12:24.952282,-13.2,6.300000000000001,-12.7,46.0,40.4,247.2,237.8,71.2,-1.1
71.0,2023-12-07 09:12:25.939137,-10.6,-3.5999999999999996,11.2,40.7,44.3,72.4,269.9,70.0,-12.4
71.0,2023-12-07 09:12:26.434330,19.5,-5.7,-2.9000000000000004,152.7,-70.9,-266.4,348.9,3.6,-42.9
71.0,2023-12-07 09:12:26.910325,-18.200000000000003,-0.10000000000000009,2.9000000000000004,98.3,-83.8,150.4,253.7,37.3,-17.0
72.0,2023-12-07 09:12:27.896776,-9.299999999999999,-1.5,5.9,36.2,-58.6,-33.9,294.3,69.6,-24.1
72.0,2023-12-07 09:12:28.399407,14.299999999999999,-7.2,-4.2,91.3,166.1,-103.2,10.5,36.2,-59.2
72.0,2023-12-07 09:12:28.889874,-7.699999999999999,-6.0,15.600000000000001,93.8,-217.4,93.2,275.2,12.8,-40.4
73.0,2023-12-07 09:12:29.978339,-6.0,0.5,6.1,-16.5,-37.6,-17.3,331.0,61.0,-52.4
73.0,2023-12-07 09:12:30.480951,-3.3,-2.3,1.1,35.2,32.4,84.6,325.2,68.2,-46.3
73.0,2023-12-07 09:12:30.954806,15.5,-6.2,-2.5,98.6,-15.9,-185.8,29.0,14.3,-61.2
73.0,2023-12-07 09:12:31.425835,-14.100000000000001,0.2,7.3999999999999995,71.4,-144.5,102.7,289.5,33.8,-42.6
74.0,2023-12-07 09:12:32.403936,-7.8999999999999995,-0.1999999999999993,8.2,5.4,-8.5,25.1,330.5,61.7,-43.2
74.0,2023-12-07 09:12:32.908941,10.100000000000001,-7.5,-9.799999999999999,132.9,169.6,-102.3,39.4,29.6,-75.2
74.0,2023-12-07 09:12:33.400274,-3.6000000000000014,-3.6,15.1,54.5,-192.3,129.1,313.9,16.5,-63.8
75.0,2023-12-07 09:12:34.377001,-6.1000000000000005,1.4000000000000004,8.8,8.0,-22.1,-4.6,356.2,54.7,-69.6
75.0,2023-12-07 09:12:34.886738,5.3,-6.4,-5.4,105.3,117.8,-61.9,38.5,35.1,-77.2
75.0,2023-12-07 09:12:35.391843,-0.6999999999999993,-4.6,20.299999999999997,4.0,-211.9,7.6,313.2,-0.4,-52.4
76.0,2023-12-07 09:12:36.911737,-2.7,2.0,3.4,-2.6,-29.9,1.9,331.2,65.0,-51.0
76.0,2023-12-07 09:12:37.399000,6.1000000000000005,-11.0,-4.2,123.2,212.0,26.2,30.8,46.4,-85.0
76.0,2023-12-07 09:12:37.893227,0.8999999999999986,-1.7000000000000002,14.799999999999999,-4.5,-206.2,-75.8,312.6,-2.0,-53.4
77.0,2023-12-07 09:12:39.621015,-4.699999999999999,-0.5999999999999996,4.9,4.1,-18.8,19.2,328.3,66.3,-46.3
77.0,2023-12-07 09:12:39.986223,9.299999999999999,-5.9,-6.4,140.8,146.7,-38.2,38.5,38.6,-71.5
77.0,2023-12-07 09:12:40.361018,0.0,-4.9,17.5,140.8,146.7,-38.2,38.5,38.6,-71.5
77.0,2023-12-07 09:12:40.478894,0.0,-4.9,17.5,-5.2,-212.6,-77.1,317.1,1.2,-59.5
77.0,2023-12-07 09:12:40.902404,-3.5999999999999996,8.2,-16.8,39.6,74.9,104.3,355.8,58.7,-71.6
78.0,2023-12-07 09:12:42.393464,-3.0999999999999996,-0.3000000000000007,2.3999999999999995,12.1,-0.4,13.1,272.2,60.3,-7.5
78.0,2023-12-07 09:12:42.892320,-0.7,-2.3,-0.2999999999999998,66.1,29.5,118.2,272.6,74.5,-3.2
78.0,2023-12-07 09:12:43.490417,22.4,-8.5,-3.3,135.4,19.2,-243.9,31.1,-2.5,-53.8
78.0,2023-12-07 09:12:43.958376,-23.2,0.9999999999999998,3.3,105.3,-77.7,171.4,295.8,38.6,-29.4
79.0,2023-12-07 09:12:44.912041,-3.4,-0.5,5.8,-37.7,-43.7,-42.6,286.6,58.7,-24.2
79.0,2023-12-07 09:12:45.416029,0.30000000000000004,-4.499999999999999,-2.0999999999999996,84.2,93.0,132.9,306.6,64.8,-36.3
79.0,2023-12-07 09:12:45.914327,14.400000000000002,-4.800000000000001,2.9000000000000004,-7.5,-29.5,-242.0,5.2,6.0,-49.7
79.0,2023-12-07 09:12:46.405028,-15.700000000000001,1.5,0.7999999999999998,88.9,-81.1,142.0,301.7,46.6,-44.1
80.0,2023-12-07 09:12:47.389764,-3.0,1.5,7.300000000000001,18.1,-7.0,17.8,323.7,70.0,-42.2
80.0,2023-12-07 09:12:47.898435,9.5,-8.9,-13.100000000000001,158.9,142.3,-86.9,243.0,136.6,81.2
80.0,2023-12-07 09:12:48.404394,-3.9000000000000004,2.0,20.4,-19.8,-193.2,19.8,325.1,26.8,-57.1
81.0,2023-12-07 09:12:49.889614,1.4999999999999996,-6.699999999999999,0.6,110.4,114.9,111.6,231.8,113.7,70.9
81.0,2023-12-07 09:12:50.389893,10.1,-5.0,13.200000000000001,-32.6,-176.8,-206.4,357.6,-8.0,-42.6
81.0,2023-12-07 09:12:50.894035,-11.899999999999999,4.9,-12.600000000000001,56.5,37.1,155.5,344.2,59.6,-58.4
82.0,2023-12-07 09:12:51.920476,-2.4,1.0999999999999996,3.4,-2.9,-19.3,-11.1,342.8,66.9,-47.3
82.0,2023-12-07 09:12:52.411117,3.6999999999999997,-7.199999999999999,-6.5,126.8,133.0,66.9,50.0,63.3,-87.7
82.0,2023-12-07 09:12:52.914766,9.1,-3.7,12.4,-37.9,-106.2,-208.4,50.0,63.3,-87.7
82.0,2023-12-07 09:12:53.038952,9.1,-3.7,12.4,-37.9,-106.2,-208.4,0.4,-5.4,-59.1
82.0,2023-12-07 09:12:53.427151,-13.299999999999999,4.5,-8.200000000000001,95.3,-15.4,117.8,343.1,60.7,-65.4
83.0,2023-12-07 09:12:54.422373,-2.9,-0.1999999999999993,4.3,3.2,-13.2,6.2,13.3,67.6,-81.2
83.0,2023-12-07 09:12:54.917348,9.4,-5.1000000000000005,-5.6,111.2,118.8,-126.6,41.1,32.9,-72.2
83.0,2023-12-07 09:12:55.412323,-4.200000000000001,-1.6999999999999997,14.7,12.4,-183.4,48.9,325.7,30.7,-56.5
84.0,2023-12-07 09:12:56.907791,-1.6999999999999997,-2.1000000000000005,1.0,71.3,26.5,41.9,33.3,68.1,-88.0
84.0,2023-12-07 09:12:57.412694,13.8,-5.2,5.800000000000001,41.4,-14.3,-233.8,33.3,68.1,-88.0
84.0,2023-12-07 09:12:57.535013,13.8,-5.2,5.800000000000001,41.4,-14.3,-233.8,23.0,5.7,-49.5
84.0,2023-12-07 09:12:57.909834,-13.1,-0.30000000000000004,3.299999999999999,42.5,-148.4,137.7,316.3,41.5,-49.6
85.0,2023-12-07 09:12:59.944849,-5.0,0.7000000000000011,-0.7999999999999998,25.7,-8.9,56.3,276.0,78.0,-13.3
85.0,2023-12-07 09:13:00.431965,14.6,-7.9,-5.7,173.2,176.2,-66.7,26.4,39.4,-78.5
85.0,2023-12-07 09:13:00.911728,-3.999999999999999,-4.2,23.6,46.7,-279.8,27.3,279.9,27.4,-43.0
86.0,2023-12-07 09:13:04.400995,-5.3999999999999995,-3.5,0.7000000000000002,88.6,7.6,62.8,260.7,58.5,25.1
86.0,2023-12-07 09:13:04.912148,18.4,-3.3,-4.7,113.5,185.0,-92.4,46.3,42.8,-50.1
86.0,2023-12-07 09:13:05.416283,-5.9,-5.3999999999999995,16.9,34.3,-231.9,7.9,317.1,3.5,-44.7
87.0,2023-12-07 09:13:06.940498,-3.8,-0.20000000000000107,3.2,23.1,-12.1,3.3,348.0,67.5,-35.5
87.0,2023-12-07 09:13:07.440302,13.1,-9.6,1.2999999999999998,123.8,99.4,-161.2,52.2,18.8,-43.7
87.0,2023-12-07 09:13:07.961940,-10.899999999999999,-1.5,9.899999999999999,31.7,-177.4,100.2,317.7,17.7,-40.5
88.0,2023-12-07 09:13:13.588086,-2.1000000000000005,-2.3000000000000003,4.9,35.3,-18.8,-5.7,200.9,10.2,19.4
88.0,2023-12-07 09:13:13.949430,7.800000000000001,2.0,-11.4,22.1,245.2,-101.1,258.1,49.3,34.2
88.0,2023-12-07 09:13:14.441606,5.5,-10.4,17.9,27.3,-230.5,-42.0,269.5,-8.4,-30.0
89.0,2023-12-07 09:13:16.404677,5.8999999999999995,-6.500000000000001,-1.2999999999999998,27.3,89.0,-175.7,296.0,73.5,10.7
89.0,2023-12-07 09:13:16.525862,5.8999999999999995,-6.500000000000001,-1.2999999999999998,27.3,89.0,-175.7,332.2,56.6,-9.8
89.0,2023-12-07 09:13:16.906122,-1.9999999999999996,-12.100000000000001,19.4,170.2,-188.3,48.3,246.2,-1.7,-20.0
89.0,2023-12-07 09:13:17.405522,-1.0,14.100000000000001,-22.5,110.0,165.6,-11.5,222.1,79.3,61.7
90.0,2023-12-07 09:13:19.405409,-3.0,0.3000000000000007,3.1000000000000005,-11.2,-15.8,-11.0,234.2,61.6,25.3
90.0,2023-12-07 09:13:19.895618,0.10000000000000009,-12.3,-3.2,84.1,207.2,23.5,238.5,71.0,53.4
90.0,2023-12-07 09:13:20.408932,19.0,-3.9,18.6,-118.0,-246.1,-250.7,316.6,-5.0,-44.8
90.0,2023-12-07 09:13:20.921885,-16.099999999999998,8.8,-20.1,170.2,129.3,39.1,251.0,71.8,27.2
91.0,2023-12-07 09:13:22.928430,15.8,-14.100000000000001,-6.1,33.3,286.4,-141.5,341.6,46.0,-63.1
91.0,2023-12-07 09:13:23.417172,-10.7,-2.499999999999999,18.2,195.9,-220.8,34.2,230.1,41.5,-32.2
92.0,2023-12-07 09:13:25.904449,-1.3000000000000003,0.8000000000000007,0.8999999999999995,-50.2,-45.2,1.5,207.8,68.7,42.1
92.0,2023-12-07 09:13:26.408053,0.9000000000000001,-13.7,-6.3,126.6,232.7,34.2,2.1,112.5,-82.1
92.0,2023-12-07 09:13:26.900890,26.900000000000002,-3.2,8.100000000000001,65.6,125.0,-349.3,342.8,-12.1,-74.6
92.0,2023-12-07 09:13:27.412787,-27.400000000000002,7.300000000000001,-2.9000000000000004,161.6,-4.3,82.5,210.9,61.6,26.1
93.0,2023-12-07 09:13:29.397776,-4.3999999999999995,-0.6000000000000014,6.1000000000000005,-52.1,-31.8,-7.0,172.3,67.4,49.4
93.0,2023-12-07 09:13:29.894107,18.4,-9.6,-6.1000000000000005,41.1,295.8,77.0,330.4,83.9,-61.8
93.0,2023-12-07 09:13:30.397420,8.299999999999999,-0.7999999999999999,10.1,-9.3,-223.2,-259.4,280.8,-4.6,-85.5
94.0,2023-12-07 09:13:31.897889,-7.4,-4.5,4.2,28.7,-23.8,-13.8,175.4,68.4,78.5
94.0,2023-12-07 09:13:32.541005,17.9,-7.3,-4.7,85.5,204.3,-76.9,13.9,36.1,-84.8
94.0,2023-12-07 09:13:32.906745,8.9,-4.8,18.4,143.5,-392.2,-60.3,267.5,20.2,-71.2
95.0,2023-12-07 09:13:33.897517,-7.4,-1.5999999999999996,2.3000000000000003,-17.9,-25.8,5.3,307.6,101.9,-47.5
95.0,2023-12-07 09:13:34.414788,4.5,-9.4,-1.8000000000000003,8.1,173.4,38.4,246.3,101.6,21.5
95.0,2023-12-07 09:13:34.903952,23.2,5.1,14.2,60.5,-258.1,-283.7,105.1,171.0,89.8
96.0,2023-12-07 09:13:36.910999,-1.1,-0.5999999999999996,1.6,-11.0,-15.6,-5.0,293.5,76.2,-0.3
96.0,2023-12-07 09:13:37.404404,1.1,-8.2,-1.2000000000000002,81.5,164.6,-26.5,302.2,76.1,2.2
96.0,2023-12-07 09:13:37.900024,5.9,7.699999999999999,16.599999999999998,-100.7,-201.4,65.5,319.6,39.2,-47.8
97.0,2023-12-07 09:13:39.391171,-3.4,-0.3000000000000007,4.3999999999999995,-41.7,-45.1,21.0,286.4,62.8,23.4
97.0,2023-12-07 09:13:39.903604,16.8,-1.0999999999999996,-7.1,63.2,155.0,-91.5,24.4,60.7,-50.0
97.0,2023-12-07 09:13:40.397027,-19.2,-8.2,10.4,164.3,-129.8,-60.7,276.7,47.9,4.9
98.0,2023-12-07 09:13:41.396239,-5.8,-10.1,6.0,98.9,133.7,-45.3,275.7,59.2,25.2
98.0,2023-12-07 09:13:41.909485,9.4,0.6,7.200000000000001,-91.4,-196.9,-74.1,326.5,22.4,-25.0
99.0,2023-12-07 09:13:43.398115,2.1,-5.3,-1.2000000000000002,76.1,144.3,-60.3,344.0,59.1,6.9
99.0,2023-12-07 09:13:43.903136,4.8,-0.7000000000000002,10.0,-86.5,-166.2,-16.6,345.1,11.6,-12.3
100.0,2023-12-07 09:13:44.900690,1.9000000000000001,6.4,3.3000000000000003,-35.5,-49.4,-27.1,290.7,60.3,34.3
100.0,2023-12-07 09:13:45.018642,1.9000000000000001,6.4,3.3000000000000003,-35.5,-49.4,-27.1,341.6,63.3,-4.8
100.0,2023-12-07 09:13:45.395660,6.1000000000000005,-5.6,-2.9000000000000004,54.9,191.0,-28.5,6.8,56.9,-11.8
100.0,2023-12-07 09:13:45.890336,-1.7999999999999998,-3.5,17.1,-25.6,-233.8,1.4,335.6,10.1,-27.4
100.0,2023-12-07 09:13:46.389311,0.09999999999999964,7.5,-19.1,55.9,139.6,8.8,346.4,70.9,-3.4
101.0,2023-12-07 09:13:47.393582,-1.3,-7.8,-1.1999999999999993,59.6,152.2,-4.5,3.4,60.7,-14.6
101.0,2023-12-07 09:13:47.895588,8.1,-2.2,10.4,-15.9,-209.0,-101.5,0.5,0.7,-23.6
101.0,2023-12-07 09:13:48.393980,-11.3,0.9,-9.200000000000001,103.5,30.5,133.8,292.7,49.9,14.7
102.0,2023-12-07 09:13:49.897732,1.9,-8.1,12.999999999999998,-81.6,-145.1,-124.9,331.6,-2.8,-9.6
102.0,2023-12-07 09:13:50.400796,-8.8,0.9000000000000001,-9.399999999999999,108.2,59.4,161.5,278.8,45.4,16.8
102.0,2023-12-07 09:13:50.898329,11.7,6.8,-3.8,54.7,94.6,-72.3,30.5,55.1,-44.3
103.0,2023-12-07 09:13:52.396563,-1.3,0.10000000000000053,0.2999999999999998,-0.5,-11.3,2.6,335.0,42.1,3.8
103.0,2023-12-07 09:13:52.965036,8.0,-8.5,-4.0,45.3,251.1,-86.3,23.2,47.3,-22.0
103.0,2023-12-07 09:13:53.471503,-5.8,0.0,14.5,-11.7,-173.7,29.6,340.5,3.9,-27.4
104.0,2023-12-07 09:13:55.406086,-2.7,-5.6000000000000005,-0.8000000000000007,81.4,119.9,9.5,359.6,58.1,-6.0
104.0,2023-12-07 09:13:55.907028,5.7,-7.7,6.9,87.2,-229.2,-141.5,24.9,-14.8,-8.1
105.0,2023-12-07 09:13:57.898343,-0.29999999999999993,-5.8,-1.2999999999999998,87.4,134.5,39.5,355.9,60.5,3.7
105.0,2023-12-07 09:13:58.420204,9.399999999999999,-6.4,10.0,88.8,-226.0,-189.5,43.7,-6.8,-13.4
105.0,2023-12-07 09:13:58.905814,-7.999999999999999,4.7,-10.700000000000001,129.6,5.6,162.0,324.8,46.1,-0.4
106.0,2023-12-07 09:13:59.966067,-0.8,-0.3000000000000007,0.9000000000000004,-11.5,-13.7,-0.1,340.7,53.3,1.7
106.0,2023-12-07 09:14:00.469458,-2.2,-7.0,-2.4000000000000004,86.9,139.0,12.7,354.7,58.0,2.0
106.0,2023-12-07 09:14:00.896515,6.8,-9.9,12.0,15.7,-235.9,-156.3,9.6,-20.7,-21.7
106.0,2023-12-07 09:14:01.410065,-4.1,7.800000000000001,-13.7,188.8,149.9,93.3,323.4,41.9,3.4
107.0,2023-12-07 09:14:02.418565,-1.1,0.40000000000000036,0.2999999999999998,15.4,29.8,17.5,9.6,48.8,-11.2
107.0,2023-12-07 09:14:02.915565,15.8,-8.8,2.8999999999999995,6.5,-127.5,-270.6,9.6,48.8,-11.2
107.0,2023-12-07 09:14:03.036296,15.8,-8.8,2.8999999999999995,6.5,-127.5,-270.6,55.5,-2.8,-20.1
107.0,2023-12-07 09:14:03.412581,-17.3,-1.9,-4.6,112.7,44.8,185.7,339.7,35.4,-13.4
108.0,2023-12-07 09:14:05.909680,-3.0,-1.1000000000000005,0.7999999999999989,10.6,-7.3,2.7,306.6,27.7,0.1
108.0,2023-12-07 09:14:06.410287,-8.5,-3.6999999999999997,-4.299999999999999,121.1,11.8,61.2,286.0,50.4,30.6
108.0,2023-12-07 09:14:06.926112,26.099999999999998,-1.5,9.0,93.3,41.5,-218.3,58.0,6.9,-22.5
108.0,2023-12-07 09:14:07.465566,-21.099999999999998,-3.1999999999999997,-14.1,220.5,5.1,153.7,313.2,51.5,2.8
109.0,2023-12-07 09:14:12.391156,-2.6,-1.0999999999999996,3.5,-31.5,-37.0,-17.7,314.3,47.6,1.7
109.0,2023-12-07 09:14:12.891385,-0.8,-8.6,-5.699999999999999,110.3,144.4,44.5,306.9,64.3,27.3
109.0,2023-12-07 09:14:13.402699,12.200000000000001,-5.1,14.9,90.0,-213.6,-181.0,306.9,64.3,27.3
109.0,2023-12-07 09:14:13.521406,12.200000000000001,-5.1,14.9,90.0,-213.6,-181.0,30.3,-15.5,-17.8
110.0,2023-12-07 09:14:16.393245,-2.4,-3.9000000000000004,0.20000000000000018,80.9,73.7,30.3,328.0,61.8,-0.5
110.0,2023-12-07 09:14:16.891930,15.4,-7.0,8.7,14.4,-150.2,-241.9,26.9,-3.0,-24.1
110.0,2023-12-07 09:14:17.385317,-13.0,4.2,-11.6,114.8,15.0,114.0,326.4,62.6,-19.7
111.0,2023-12-07 09:14:18.892012,-2.1,-0.9000000000000004,1.0,58.7,19.3,3.6,338.3,62.3,-8.3
111.0,2023-12-07 09:14:19.398315,19.5,-5.8999999999999995,-1.0,77.5,207.3,-212.3,63.5,23.5,-46.2
111.0,2023-12-07 09:14:19.895834,-19.7,-7.5,7.0,132.2,-156.8,190.5,323.9,36.1,-27.2
112.0,2023-12-07 09:14:21.407041,-3.1,-3.9000000000000004,2.0000000000000004,85.4,54.5,63.9,358.4,63.6,-9.6
112.0,2023-12-07 09:14:22.012185,14.5,-8.9,6.199999999999999,80.8,-194.5,-247.5,57.3,-4.8,-26.0
112.0,2023-12-07 09:14:22.395880,-14.8,2.7,-9.399999999999999,148.5,-21.7,172.0,340.4,60.0,-20.2
113.0,2023-12-07 09:14:24.440381,-6.5,-1.9000000000000004,2.3000000000000007,-23.1,-37.8,-16.0,281.9,51.3,14.6
113.0,2023-12-07 09:14:24.921725,4.5,-6.1,-3.3000000000000003,154.1,153.3,86.3,318.8,74.3,2.3
113.0,2023-12-07 09:14:25.410368,13.8,-4.6,9.8,104.7,-252.7,-216.9,22.7,-11.3,-27.6
113.0,2023-12-07 09:14:25.900725,-16.1,4.8,-12.6,128.2,45.0,136.3,307.5,67.0,6.6
114.0,2023-12-07 09:14:27.925137,-3.7,-5.1,-0.5,97.4,41.0,37.5,285.3,57.2,33.7
114.0,2023-12-07 09:14:28.409860,16.6,-2.7,2.0999999999999996,77.6,-15.1,-265.0,40.0,21.1,-20.1
114.0,2023-12-07 09:14:28.928193,-14.4,-4.6000000000000005,1.5999999999999996,113.4,-97.0,188.5,298.1,40.3,-3.7
115.0,2023-12-07 09:14:30.908220,-1.2000000000000002,1.3000000000000007,1.0999999999999996,20.4,-16.8,-4.1,315.9,62.7,5.1
115.0,2023-12-07 09:14:31.404541,11.0,-10.100000000000001,-4.4,162.6,232.0,-35.9,59.5,56.8,-57.9
115.0,2023-12-07 09:14:31.896135,-1.0999999999999996,-1.9999999999999998,18.099999999999998,-41.0,-266.3,-2.1,342.1,-5.6,-32.9
115.0,2023-12-07 09:14:32.391030,-7.200000000000001,7.1,-19.4,120.7,133.2,50.6,322.9,78.7,8.7
116.0,2023-12-07 09:14:33.896880,-0.7,-8.3,-2.1999999999999997,79.7,136.9,50.0,23.2,70.0,-30.8
116.0,2023-12-07 09:14:34.398358,9.5,-2.7,12.5,-37.7,-220.2,-136.6,23.2,-5.0,-25.5
116.0,2023-12-07 09:14:34.894632,-13.0,2.3000000000000003,-14.299999999999999,134.7,7.0,159.6,280.8,73.4,32.3
117.0,2023-12-07 09:14:36.904533,-6.5,-2.0999999999999996,0.5999999999999996,79.4,-32.9,61.2,303.2,57.1,27.5
117.0,2023-12-07 09:14:37.488285,17.9,-4.4,-2.0999999999999996,121.3,175.1,-141.0,73.6,39.6,-48.4
117.0,2023-12-07 09:14:37.976517,-6.5,-6.800000000000001,11.999999999999998,14.0,-287.6,43.0,335.7,8.9,-32.9
117.0,2023-12-07 09:14:38.450241,0.6000000000000005,10.2,-16.2,114.1,211.9,29.6,33.7,75.9,-50.4
118.0,2023-12-07 09:14:40.411133,-4.7,-0.2999999999999998,1.5,87.9,-7.4,68.6,289.8,45.1,21.2
118.0,2023-12-07 09:14:40.906688,14.2,-7.1000000000000005,-7.299999999999999,109.0,222.2,-186.6,54.0,44.4,-35.4
118.0,2023-12-07 09:14:41.401855,-7.7,-4.0,13.299999999999999,19.8,-230.1,112.3,332.4,12.2,-27.9
119.0,2023-12-07 09:14:42.879280,-2.5999999999999996,-0.29999999999999893,2.4,10.4,-12.1,-8.1,340.2,65.1,-1.0
119.0,2023-12-07 09:14:43.467336,8.3,-9.600000000000001,-3.3,116.9,211.2,-93.5,68.0,47.9,-38.4
119.0,2023-12-07 09:14:43.934288,-3.2,-7.3,20.8,-16.5,-245.5,21.7,4.9,-24.0,-21.2
119.0,2023-12-07 09:14:44.406597,-3.5,9.5,-21.9,71.0,90.0,81.1,355.0,62.0,-6.2
120.0,2023-12-07 09:14:45.397467,-5.7,0.8999999999999986,5.1,-7.7,-68.1,13.8,346.2,68.0,-14.7
120.0,2023-12-07 09:14:46.006390,14.2,-5.999999999999999,-3.0999999999999996,76.2,83.0,-134.8,62.4,32.9,-30.4
120.0,2023-12-07 09:14:46.399330,-13.4,-5.1,12.2,76.2,83.0,-134.8,333.3,17.2,-23.4
120.0,2023-12-07 09:14:46.519229,-13.4,-5.1,12.2,35.0,-162.7,133.5,333.3,17.2,-23.4
121.0,2023-12-07 09:14:47.902785,-5.0,-1.9000000000000004,8.8,-55.6,-61.6,15.4,307.9,37.2,2.1
121.0,2023-12-07 09:14:48.402371,5.0,-7.1,-9.3,79.7,218.9,-52.3,340.6,61.9,6.5
121.0,2023-12-07 09:14:48.931058,4.0,-1.7000000000000002,14.6,-74.2,-238.0,-25.9,350.8,-9.3,-26.5
121.0,2023-12-07 09:14:49.410931,-6.1,4.6,-17.7,174.8,142.3,41.9,326.9,63.0,9.3
122.0,2023-12-07 09:14:51.394146,-5.300000000000001,-1.0,-0.6999999999999993,-90.5,-87.8,4.8,326.1,37.3,-7.7
122.0,2023-12-07 09:14:51.521383,-5.300000000000001,-1.0,-0.6999999999999993,43.5,15.9,32.9,292.2,47.0,7.3
122.0,2023-12-07 09:14:51.901143,17.6,-10.1,4.199999999999999,45.3,345.4,-208.7,26.1,30.1,-24.9
122.0,2023-12-07 09:14:52.390049,-11.9,-4.1,5.200000000000001,146.7,-269.6,121.0,316.9,10.9,-25.2
123.0,2023-12-07 09:14:53.409426,-6.8,-8.0,4.3,-50.8,-64.1,-196.7,5.9,6.6,-32.0
123.0,2023-12-07 09:14:53.901524,-6.3999999999999995,0.0,5.3,136.0,-136.5,136.5,285.6,28.7,-16.3
123.0,2023-12-07 09:14:54.434696,3.1,4.4,-13.9,138.5,154.0,-36.2,338.3,80.0,1.2
123.0,2023-12-07 09:14:54.927080,7.300000000000001,0.19999999999999996,14.3,-14.2,-172.4,-121.8,21.5,14.5,-32.3
124.0,2023-12-07 09:14:56.903552,-5.4,-2.3000000000000007,2.1000000000000005,71.4,32.9,21.8,342.4,68.0,-10.1
124.0,2023-12-07 09:14:57.415036,17.9,-3.3,7.299999999999999,1.0,-67.0,-183.5,37.7,14.5,-17.4
124.0,2023-12-07 09:14:57.902908,-17.7,-3.0999999999999996,-6.499999999999999,97.6,-57.2,170.8,311.1,59.8,-3.4
125.0,2023-12-07 09:14:59.408464,-6.5,-1.6999999999999993,5.0,59.6,-9.1,9.4,332.5,68.5,2.5
125.0,2023-12-07 09:14:59.909516,21.799999999999997,-6.0,-0.2999999999999998,137.3,126.8,-181.5,83.1,23.4,-42.5
125.0,2023-12-07 09:15:00.406025,-18.3,-3.8,3.3999999999999995,98.1,-152.2,144.6,343.2,39.6,-29.7
126.0,2023-12-07 09:15:01.918565,-5.0,0.6000000000000014,6.1,65.1,-40.0,-34.5,358.2,76.1,-32.6
126.0,2023-12-07 09:15:02.415231,14.899999999999999,-6.500000000000001,-2.5999999999999996,35.3,83.1,-202.9,62.6,36.6,-34.1
126.0,2023-12-07 09:15:02.915736,-10.6,-7.2,8.7,79.2,-204.2,134.9,336.8,29.7,-34.5
127.0,2023-12-07 09:15:04.412198,-2.8,-4.7,0.39999999999999947,83.1,84.5,24.0,9.8,66.5,-6.7
127.0,2023-12-07 09:15:04.917210,11.4,-10.100000000000001,8.9,2.3,-215.3,-196.6,47.4,-4.4,-16.4
127.0,2023-12-07 09:15:05.409960,-14.7,4.1000000000000005,-7.0,98.0,-34.0,140.0,311.1,43.3,5.3
128.0,2023-12-07 09:15:07.460667,-3.8,-4.9,0.09999999999999998,56.3,60.5,10.5,349.8,79.6,26.2
128.0,2023-12-07 09:15:07.932509,20.2,-5.3,11.1,-40.0,-192.5,-325.2,55.9,17.0,-30.9
128.0,2023-12-07 09:15:08.394657,-20.4,2.8,-11.4,204.2,136.5,84.7,333.7,57.6,7.5
129.0,2023-12-07 09:15:09.390431,-1.8,-1.1999999999999993,1.0999999999999996,-42.8,-17.1,-18.4,34.1,56.6,-21.2
129.0,2023-12-07 09:15:09.516358,-1.8,-1.1999999999999993,1.0999999999999996,-42.8,-17.1,-18.4,2.4,51.6,-2.1
129.0,2023-12-07 09:15:09.906001,-3.5,-7.9,-5.0,119.6,162.3,-22.3,12.2,64.8,2.4
129.0,2023-12-07 09:15:10.404382,13.100000000000001,-3.2,16.7,-68.2,-283.8,-37.5,24.8,-10.6,-28.0
129.0,2023-12-07 09:15:10.899545,-7.300000000000001,5.2,-18.6,150.9,156.2,48.7,20.0,69.6,-19.7
